id,movie_id,image,original_title,title,rating,description,release_year,category_id
1,663712,/b6IRp6Pl2Fsq37r9jFhGoLtaqHm.jpg,Terrifier 2,테리파이어 2,7.1,,2022-10-06,27
2,436270,/mEdMHGy1FfCUc7PskFO0tibm8jp.jpg,Black Adam,블랙 아담,6.9,"기원전 가장 번성하고 위대한 고대 국가였지만 현재는 국제 군사 조직 인터갱의 독재 국가로 전락한 칸다크. 인터갱의 눈을 피해 고대 유물을 찾던 '아드리아나'는 우연히 5000년 동안 잠들어 있던 '블랙 아담'을 깨우게 된다.  엄청난 괴력과 스피드, 방탄 능력과 자유자재의 고공비행, 번개를 쏘는 능력까지. 온몸이 무기인 '블랙 아담'은 자신의 앞을 막아서는 인터갱들을 모조리 쓸어버리고 칸다크 국민들은 이에 열광한다. 한편, 그의 폭주를 막기 위해 호크맨, 닥터 페이트, 아톰 스매셔, 사이클론으로 구성된 히어로 군단 '저스티스 소사이어티'가 칸다크에 나타나는데...",2022-10-19,28
3,354912,/6AANwKhjIEVyya95oW4IA6joL1Z.jpg,Coco,코코,8.2,"미구엘은 멕시코의 자랑인 에르네스토 델라 크루즈 같은 뮤지션이 되길 꿈꾸지만 미구엘 집안 사람들에게 음악은 금기다. 먼 옛날 조상 중에 음악 때문에 가족을 버린 인물이 있었기 때문. 미구엘은 죽은 자의 날이 되자 실력으로 인정받겠다는 결심을 하고 경연 무대에 오르려 하는데, 우연히 에르네스토의 기타에 손을 댔다가 죽은 자들의 세상에 들어서게 된다. 이승과 저승을 이어주는 마리골드 꽃길을 건너 죽은 자들의 세상에 도착한 미구엘은 거짓말과 위변조가 장기인 헥터를 만난다. 그리고 꿈에 그리던 우상 에르네스토를 만나러 가는 여정에서 가족의 비밀을 알게 된다.",2017-10-27,10751
4,420634,/6PQqC4SbY910VvyVad6mvsboILU.jpg,Terrifier,테리파이어,6.5,"할로윈 밤. 술마시고 진탕 놀다 귀가하던 타라와 돈은 광대 복장의 남자와 맞닥뜨린다. 이들은 할로윈 코스프레를 한 찌질남으로 치부하지만, 그는 수년 전 세상을 떠들썩하게 만든 광대 살인마였고 할로윈 밤에 다시 돌아온 것이었다. 두 사람은 광대 살인마의 표적이 되는데...",2016-10-15,27
5,732459,/kjFDIlUCJkcpFxYKtE6OsGcAfQQ.jpg,Blade of the 47 Ronin,Blade of the 47 Ronin,7.3,,2022-10-25,28
6,717728,/aGBuiirBIQ7o64FmJxO53eYDuro.jpg,Jeepers Creepers: Reborn,Jeepers Creepers: Reborn,5.7,,2022-09-15,27
7,642885,/xpDdvIaTHn38F17pPseL1MQI05B.jpg,Hocus Pocus 2,호커스 포커스 2,7.6,누군가가 검은 불꽃 초에 불을 붙여 17세기에 활동했던 자매들을 되살린 지도 29년이 흘렀다. 이제 자매들은 원수를 갚으려 한다. 핼러윈 전날의 동이 터오기 전에 세일럼에서 대혼란을 일으키려는 마녀들을 막아설 사람은 세 고등학생뿐이다.,2022-09-27,14
8,985939,/8huJowZK1t7MNLEKo3dgLAxmiLW.jpg,Fall,폴: 600미터,7.3,내려갈 길이 끊겨버린 600미터 TV 타워 위에서  두 명의 친구가 살아남기 위해 펼치는 사상 최초의 고공 서바이벌 여기에서,2022-08-11,53
9,575322,/iVwd4NKcvWIfxP36DsCBHd7lqEE.jpg,Звёздный разум,제미나이: 지구 최후의 날,5.6,"치명적인 바이러스로 지구의 식물들이 파괴된 지 3년 후 산소가 부족해지고 과학자들은 전 인류를 구하기 위해 새로운 행성을 찾는 미션을 받고 우주로 떠난다. 하지만, 우주선은 입력한 궤도와는 전혀 다른 방향으로 이끌려가 알 수 없는 행성에 고립되고 비행 멤버들은 상상할 수 없는 존재로부터 공격을 받기 시작하는데…!",2022-01-06,878
10,760161,/vKIhsEVEtLTwTkmLSDNi230Zr3Q.jpg,Orphan: First Kill,오펀: 천사의 탄생,6.8,"엄청난 비밀을 숨긴 사이코패스가 에스토니아의 정신병동을 탈출, 부유한 가족의 실종된 딸 ‘에스더’로 사칭해 미국에 온다. 재회의 기쁨도 잠시, 어딘지 낯선 딸의 정체를 눈치챈 엄마는 가족을 지키기 위해 에스더와 맞서는데...  누구도 상상 못한 충격적인 반전이 기다린다!",2022-07-27,27
11,616820,/1ScxCajFdgMNWBn9BuFlB4sMTAJ.jpg,Halloween Ends,할로윈 엔드,6.6,4년 전 또 한번 할로윈의 악몽을 겪은 뒤 조용한 일상을 보내고 있는 ‘로리 스트로드’와 손녀 ‘앨리슨’.  어느 날 ‘앨리슨’은 베이비시터 살인자로 낙인 찍힌 ‘코리’와 만나게 되고 이 둘은 급격히 가까워진다.  하지만 ‘코리’에게서 ‘마이클 마이어스’와 같은 어두운 면모를 발견한 ‘로리 스트로드’는  그에게 ‘앨리슨’과 멀어지라고 경고한다.  이후 해든필드에 끔찍한 살인 사건이 벌어지면서 ‘마이클 마이어스’가 돌아왔다는 소문이 퍼지기 시작하고  ‘로리 스트로드’는 이제 그와의 악연을 끊어내려 하는데…,2022-10-12,27
12,86328,/gb6rq2nD0jRrN0dCzigg2MxXNsB.jpg,Terrifier,테리파이어,6.6,,2011-08-09,27
13,960704,/qJD1kg5vrKKllZaZWyELVdxdbid.jpg,鋼の?金術師 完結編 最後の?成,강철의 연금술사 완결편: 최후의 연성,6.3,"엘릭 형제의 길고 파란만장했던 여정, 그 종지부를 찍을 완결편 2부작의 마지막 작품. 에드워드와 알폰스가 국가 전체를 뒤흔들 초월적인 위협에 맞선다.",2022-06-24,28
14,928123,/ugiL6wIhl1OfPyv1gqLkTe45jLl.jpg,?津湖之水??,장진호지수문교,6.4,,2022-02-01,10752
15,718930,/msh4N8dxHk4FeEPZ8VBqHQFQYjI.jpg,Bullet Train,불릿 트레인,7.5,"운이 없기로 유명한 킬러 레이디버그는 초고속 열차에 탑승해 의문의 서류 가방을 가져오라는 미션을 받는다. 생각보다 쉽게 미션을 클리어한 후 열차에서 내리려는 그를 가로막는 것이 있었으니,  그것은 바로 전세계에서 몰려든 초특급 킬러들. 열차에서 내릴 수 없다면 목숨을 걸고 가방을 지켜야만 한다. 과연 레이디버그는 무사히 열차에서 내려 미션을 완수할 수 있을까?",2022-07-03,28
16,532639,/aFVjf2zcFzoNgbDKDEHiIw2g1DR.jpg,Pinocchio,피노키오,6.7,"목수 ‘제페토’의 간절한 소원으로 태어난 나무 인형 ‘피노키오’는  진짜 사람이 되기 위해 자신의 양심이 되어줄 귀뚜라미 ‘지미니’와 함께  진실되고 용감한 마음을 가지기로 약속한다.  그러나 거리의 교활한 여우의 꾀임에 넘어간 피노키오는 서커스단에 들어가게 되고, 이기적인 어른들의 욕심으로 철장에 갇혀버리고 만다.  한편, 사라진 피노키오를 찾기 위해 길을 나선 ‘제페토’는 폭우 속에 목숨을 잃을 위기에 처하고 마는데…",2022-09-07,14
17,779782,/xr3oGJYQWLunuw7L5myo4VT8DBz.jpg,The School for Good and Evil,선과 악의 학교,7.3,절친 소피와 아가사는 어느 날 신비한 존재에 의해 마법 학교로 휩쓸려 간다. 이 학교는 미래의 동화 속 영웅과 악당을 키워내는 곳. 운명을 알 길 없는 이곳에서 두 친구의 우정은 계속될 수 있을까.,2022-10-19,14
18,848058,/kmCjZjm4CHuuJdwUdn3h93WqDdR.jpg,Cerdita,피기,6.7,"스페인 남부의 여름. 사라는 냉담한 가족들이 경영하는 정육점에 박혀 다른 누군가가 되는 것을 꿈꾼다. 설상가상 다른 여자아이들로부터 지속적인 괴롭힘을 당한다. 어느 날, 강에서 사라는 정체를 알 수 없는 낯선 사람이 사라를 괴롭혔던 아이들을 납치하는 것을 목격한다. 사라가 소리를 질러야 할까?",2022-10-07,18
19,916719,/g29dShv0wHJUvif2KPq039imds5.jpg,Code Name Banshee,코드 네임 밴쉬,4.8,,2022-07-01,53
20,879538,/qEu6qI5sVoIe10gD1BQBqxcNIW2.jpg,Crawlspace,크롤스페이스,7.1,"오리건 주 깊은 산속에서 제재소를 운영하는 팀 위트너는 직원 제럴드 그리고 블라디미르 등과 함께 불법 벌목으로 많은 돈을 모은다. 러시아 출신 블라디미르를 살해한 전과자 스털링과 둘리는 팀 위트너를 납치해 검은돈을 숨긴 장소를 말하라고 협박한다. 불법 벌목 등을 조사하기 위해 FBI 특별요원 헬런이 파견되고 보안관 히건, 부보안관 조던와 조사를 하는 과정에서 블라디미르의 시신이 발견된다. 한편 아내 캐리, 아기 브룩과 함께 살고 있는 마음씨 좋은 배관공 로버트는 배관 공사를 해준 곳에서 돈을 받지 못해 경제적 어려움에 처해 있다. 어느 날, 파이프 교체를 위해 팀의 외딴 오두막 마루 밑에 있던 로버트는 스털링이 돈을 내놓지 않는 팀을 잔인하게 죽이는 장면을 목격한다. 달아나려다 둘리의 석궁을 맞은 로버트는 다시 좁은 마루 밑으로 들어가 문을 잠근다. 휴대폰도 되지 않는 좁은 공간에 갇힌 로버트는 살아남기 위해 반격을 개시하는데...",2022-03-31,53
21,791155,/8PsHogUfvjWPGdWAI5uslDhHDx7.jpg,Secret Headquarters,시크릿 헤드쿼터스,6.9,방과 후 시간을 보내는 동안 찰리와 그의 친구들은 그의 집 아래에 숨겨져 있는 세계에서 가장 강력한 슈퍼히어로의 본부를 발견한다. 악당이 공격하면 팀을 이뤄 본부를 지키고 세상을 구해야 한다.,2022-08-12,878
22,616037,/un8ZDtx2SMwNwXRYy65aItnNjab.jpg,Thor: Love and Thunder,토르: 러브 앤 썬더,6.7,"이너피스를 위해 자아 찾기 여정을 떠난 천둥의 신 토르. 그러나 우주의 모든 신들을 몰살하려는 신 도살자 고르의 등장으로 토르의 안식년 계획은 산산조각 나 버린다. 토르는새로운 위협에 맞서기 위해 킹 발키리, 코르그, 그리고 전 여자친구 제인과 재회하게 되고, 그녀가 묠니르를 휘두르는 마이티 토르가 되어 나타나 모두를 놀라게 한다. 이제 팀 토르는 고르의 복수에 얽힌 미스터리를 밝히고 더 큰 전쟁을 막기 위한 전 우주적 스케일의 모험을 시작하는데...",2022-07-06,14
23,848791,/ydbm5Ad1nyZq7eywWsw82Wxdsgg.jpg,The Stranger,더 스트레인저,6,살인 용의자와 진지하고 우정 어린 관계를 맺는 잠입 경찰. 그렇게 용의자의 신뢰를 얻어 자백을 유도하려 한다.,2022-10-06,80
24,852046,/gnmN3Pp3B7sehENfjGJUlrwNxcr.jpg,Athena,아테나,6.6,어린 소년이 살해된 비극적인 사건을 계기로 아테나 지구에 전면전이 촉발된다. 그리고 피해자의 형들이 그 치열한 대립의 한가운데에 놓이는데.,2022-09-09,18
25,884363,/5YZ8JKV8i437z6O4YQ2IEzcSlsD.jpg,Togo,토고,6.4,"도로에 주차된 차량을 관리하며 살아가는 남자. 마약상들이 그와 친구들에게 거리에서 마약을 팔 것을 종용하자, 생계 수단을 지키기 위해 분연히 일어선다.",2022-10-05,80
26,916605,/bSqpOGzaKBdGkBLmcm1JJIVryYy.jpg,The Infernal Machine,인퍼널 머신,6.9,"1981년 녹스빌 침례대학에 침입한 괴한이 라이플총으로 13명을 사살하고 26명에게 중상을 입힌다. 녹스빌 총기 난사범으로 밝혀진 17살 소년 드와이트는 '지옥의 기계'에서 영감을 받았다고 진술한다. 지옥의 기계를 쓴 작가 브루스 코번은 죄책감 등으로 캘리포니아 남부의 외딴 마을에 은둔한다. 25년 후, 인터뷰를 요청하는 작가 지망생 윌리엄 듀켄트의 편지가 브루스에게 도착한다. 그날의 기억과 함께 다시 악몽과 술에 빠져들던 브루스는 윌리엄의 제안을 거절한다. 하지만 잉크 리본과 함께 윌리엄의 자필 편지가 끊임없이 배달되고 강박증에 시달리던 브루스는 집을 지킬 수 있는 대형견 사울까지 입양한다. 윌리엄에게 음성 메일을 남기던 브루스가 술에 취해 전화 부스에서 잠든다. 그곳을 지나던 페르디다스 경찰 로라 히긴스가 브루스를 깨워 집까지 바래다준다. 결국 브루스는 윌리엄을 카페로 초대하지만그는 모습을 드러내지 않는다. 그리고 윌리엄의 주소지가 녹스빌 참사의 주인공인 드와이트가 살았던 곳으로 드러난다. 브루스는 윌리엄과 드와이트의 관계를 확인하기 위해 히긴스의 도움으로 뉴멕시코 연방 교도소에 수감되어 있는 드와이트를 면회한다. 그 후 히긴스가 누군가의 사주로 브루스에게 접근했으며 윌리엄이 브루스의 모든 사생활을 엿보고 있다는 사실이 밝혀지는데...",2022-09-23,53
27,766507,/eicYAopFKOL3orcNTJZ4TGtZQQ1.jpg,Prey,프레이,7.9,"300년 전 아메리카, 용맹한 전사를 꿈꾸는 원주민 소녀 나루는 갑작스러운 곰의 습격으로 절체절명의 위기에 놓인 순간, 정체를 알 수 없는 외계 포식자 프레데터를 목격하게 된다.  자신보다 강한 상대를 향한 무자비한 사냥을 시작한 프레데터. 최첨단 기술과 무기로 진화된 외계 포식자 프레데터의 위협이 점점 다가오고 나루는 부족을 지키기 위해 자신만의 기지와 무기로 생존을 건 사투를 시작하는데…",2022-08-05,53
28,507086,/odxdUZWZ7fBfy3ZRj063wuJnZvo.jpg,Jurassic World Dominion,쥬라기 월드: 도미니언,7,"공룡들의 터전이었던 이슬라 누블라 섬이 파괴된 후,  마침내 공룡들은 섬을 벗어나 세상 밖으로 출몰한다. 지상에 함께 존재해선 안 될 위협적 생명체인 공룡의 등장으로 인류 역사상 겪어보지 못한 사상 최악의 위기를 맞이한 인간들. 지구의 최상위 포식자 자리를 걸고 인간과 공룡의 최후의 사투가 펼쳐진다.",2022-06-01,12
29,759507,/xDgnmbdWS59NtTPdzujdZGuPUPZ.jpg,Blackout,블랙아웃: 사라진 기억,5.7,"기억을 잃은 채 멕시코 병원에서 깨어난 남자. 그는 얼마 지나지 않아 자기가 카르텔에 쫓기는 신세임을 알게 된다. 어떻게든 진실을 밝혀라, 최대한 빨리.",2022-10-12,28
30,610150,/uohymzBVaIYjbnoQstbnlia6ZPJ.jpg,ドラゴンボ?ル超 ス?パ?ヒ?ロ?,드래곤볼 슈퍼: 슈퍼 히어로,8,2018년에 개봉한 에 이은  시리즈의 두 번째 영화,2022-06-11,16
31,882598,/8ncuVFt4e0M2NTTsoPtbxfWN5dO.jpg,Smile,스마일,6.8,기괴한 미소를 지으며 자신의 눈 앞에서 목숨을 끊는 환자를 목격한 정신과 의사 ‘로즈’. 그날 이후로 ‘로즈’의 일상에 설명할 수 없는 끔찍한 일들이 잇따라 발생한다. 일상을 덮친 공포에 발버둥치던 ‘로즈’는 이전에도 자신과 같은 일을 겪은 사람들이 있었고 그들 모두 끔찍한 죽음을 피할 수 없었다는 사실을 알게 된다. 시시각각 다가오는 죽음에서 벗어나기 위해 사투를 벌이던 로즈는 잊고 싶던 과거와 마주하게 되는데…,2022-09-23,27
32,361743,/jMLiTgCo0vXJuwMzZGoNOUPfuj7.jpg,Top Gun: Maverick,탑건: 매버릭,8.3,최고의 파일럿이자 전설적인 인물 매버릭은 자신이 졸업한 훈련학교 교관으로 발탁된다. 그의 명성을 모르던 팀원들은 매버릭의 지시를 무시하지만 실전을 방불케 하는 상공 훈련에서 눈으로 봐도 믿기 힘든 전설적인 조종 실력에 모두가 압도된다. 매버릭의 지휘 아래 견고한 팀워크를 쌓아가던 팀원들에게 국경을 뛰어넘는 위험한 임무가 주어지자 매버릭은 자신이 가르친 동료들과 함께 마지막이 될지 모를 하늘 위 비행에 나서는데...,2022-05-24,28
33,429473,/5F6NM04jwwng3bUE2Q0lGNmFjmw.jpg,Lou,루,6.6,"반려견과 함께 조용히 살아가던 퉁명스러운 성격의 여인. 폭풍우 속에 이웃의 어린 딸이 납치되자 구조에 나서, 사나운 자연과 어두운 과거에 맞서 격렬한 싸움을 시작한다.",2022-09-23,28
34,619730,/9BXYLjXtSipBp2GfAlsri4i8hPC.jpg,Don't Worry Darling,걱정말아요 그대,6.9,1950년대 미국 캘리포니아를 배경으로 유토피아 커뮤니티 내의 의심스러운 사건이 발생하는 것을 알게 된 주부가 남편의 충격적 비밀을 알게 되면서 벌어지는 심리 스릴러 영화,2022-09-21,53
35,438148,/1heBUD8o0sgdqLWyeXkylR2POKb.jpg,Minions: The Rise of Gru,미니언즈 2,7.5,"세계 최고의 슈퍼 악당을 꿈꾸는 미니보스 ‘그루’와 그를 따라다니는 미니언들. 어느 날 그루는 최고의 악당 조직 ‘빌런6’의 마법 스톤을 훔치는 데 성공하지만 뉴페이스 미니언 ‘오토’의 실수로 스톤을 잃어버리고 빌런6에게 납치까지 당한다. 미니보스를 구하기 위해 잃어버린 스톤을 되찾아야 하는 ‘오토’, 그리고 쿵푸를 마스터해야 하는 ‘케빈’, ‘스튜어트’, ‘밥’! 올 여름 극장가를 점령할 MCU(미니언즈 시네마틱 유니버스)가 돌아온다!",2022-06-29,16
36,539681,/4L7hgezinra0QudLN8HPv8c3af1.jpg,DC League of Super-Pets,DC 리그 오브 슈퍼-펫,7.5,악당 렉스 루터의 계략으로 위험에 빠진 슈퍼맨을 비롯한 저스티스 리그의 슈퍼 히어로들을 구하기 위해 슈퍼독 크립토와 슈퍼 펫 친구들이 벌이는 파워 댕댕 모험을 그린 이야기,2022-07-27,16
37,634649,/voddFVdjUoAtfoZZp2RUmuZILDI.jpg,Spider-Man: No Way Home,스파이더맨: 노 웨이 홈,8,미스테리오의 계략으로 세상에 정체가 탄로난 스파이더맨 피터 파커는 하루 아침에 평범한 일상을 잃게 된다. 문제를 해결하기 위해 닥터 스트레인지를 찾아가 도움을 청하지만 뜻하지 않게 멀티버스가 열리면서 각기 다른 차원의 불청객들이 나타난다. 닥터 옥토퍼스를 비롯해 스파이더맨에게 깊은 원한을 가진 숙적들의 강력한 공격에 피터 파커는 사상 최악의 위기를 맞게 되는데…,2021-12-15,28
38,883083,/kJ1bSR2T16yzgRMSySpbAJzF3rM.jpg,You Won't Be Alone,혼자가 아닌,6.6,"19세기 마케도니아, 200살의 마녀 마리아는 어린 소녀를 납치해 자신의 대를 잇는 마녀로 키우고자 한다. 그러나 16세가 된 네베나 자신과 같아지자 마리아는 흥미를 잃고 그녀를 버린다. 네베나는 버려진 숲에서 우연히 만난 한 시골 여자를 죽이고 그녀의 모습을 취한다. 다양한 인간으로의 삶을 경험하면서 경이로움과 고난에 매료된 젊은 마녀, 네베나는 인간의 삶에 대한 호기심과 이를 이해하기 위해 자신이 가진 무시무시한 힘을 휘두르며 마을 사람들을 모두를 죽인다. 사라졌던 마리아가 다시 나타나자 마녀의 대를 이어야 하는 자신이 운명 앞에서 고통스러운 결정을 내려야 한다.",2022-04-01,27
39,1024530,/ulYkLO62DYxegMHYSnA9bF3cqLs.jpg,Grimcutty,그림커티,5.6,평범한 십 대 소녀와 남동생은 부모님의 히스테리로 생긴 끔찍한 인터넷 밈을 멈춰야만 한다.,2022-10-10,27
40,76600,/9qj8mfjKkWiXPAlWx7zZeQDEH9O.jpg,Avatar: The Way of Water,아바타 2: 물의 길,0,2009년 개봉한 영화 아바타의 두번째 시리즈로 첫번째 작품의 사건이 발생한 이후의 이야기를 다룬다.,2022-12-14,878
41,760741,/xp6EOh0HEN4bx4ot8UfcYnUpT8U.jpg,Beast,비스트,7,"두 딸 ‘메어’, ‘노라’와 함께 시간을 보내기 위해 친구 ‘마틴’이 있는 남아프리카를 찾은 의사 ‘네이트’.  그러나 즐거운 여행도 잠시, 처참히 죽어 있는 마을 사람들을 목격한 이들은 곧이어 이 모든 상황을 벌인 사자에게 맹목적으로 쫓기기 시작한다.  무전조차 터지지 않는 고립된 지역에서 마을을 완전히 장악해버린 사자로부터 벗어나기 위해 서로 의지하며 고군분투하는데…",2022-08-11,53
42,1005776,/g4Tg6R1MUTw0hef6Q7ohZHWk3O8.jpg,V/H/S/99,V/H/S/99,6.2,,2022-09-15,27
43,913290,/pMlnxNg0NXmxlp5MHsQBGDWeU9j.jpg,Barbarian,바바리안,7,"면접을 위해 디트로이트에 온 여성은 임대주택을 예약하지만 밤늦게 오니, 이중 예약으로, 이미 낯선 이가 있음을 알게 된다. 본의 아니게, 저녁을 보내기로 하지만, 곧 불청객보다 더 두려운 것이 많다는 걸 알게 된다.",2022-09-08,27
44,993145,/cj6YmTAU7Jvn3w6d2NfjQzpX7Pw.jpg,Bullet Proof,불릿 프루프,5.6,"마약조직 보스를 상대로 강도행각을 벌인 아마추어 초짜 도둑은 어쩌다 보스의 아내를 납치하는 꼴이 되어버린다. 그는 돈을 갖고 튀는 일과, 보스의 아내를 돕기 위해 우회하는 일 사이에서 괴로워한다. 하지만 일단, 이 레이싱에서 빠져나가는 길만이 살길. 그 후는 나중에 생각하자!",2022-08-19,28
45,675353,/arCDDZdvamNY628gWJVjlCycf69.jpg,Sonic the Hedgehog 2,수퍼 소닉 2,7.6,강력한 파워의 ‘너클즈’와 함께 돌아온 천재 과학자 ‘닥터 로보트닉’에 맞서 지구를 구하기 위해 ‘소닉’과 새로운 파트너 ‘테일즈’가 전 세계를 누비는 스피드 액션 블록버스터.,2022-03-30,28
46,629176,/vwq5iboxYoaSpOmEQrhq9tHicq7.jpg,Samaritan,사마리탄,6.9,"13살의 샘 클리어리(제이번 ‘워너’ 월턴)는 이웃인 수수께끼의 은둔자 스미스(실베스터 스탤론)가 25년 전 사망했다고 알려졌지만 사실은 평범한 사람들 사이에 섞여 사는 전설적인 인물이라고 의심한다. 범죄가 증가하고 도시가 혼란에 빠지자, 샘은 도시가 파괴되는 걸 막기 위해 이웃을 세상 밖으로 이끌려 애쓴다.",2022-08-25,28
47,820067,/63SDXxNKOA4ZfXvRCkF9B1y14Us.jpg,映? 五等分の花嫁,극장판 5등분의 신부,9.2,"「낙제 직전」「공부가 싫은」미소녀 다섯 쌍둥이를  아르바이트 가정 교사로서 「졸업」까지 이끈 후타로.  배우에 전념하기 위해 휴학하기로 한 이치카의 공부를 봐주면서  「학교 축제」 준비에 힘쓰는 후타로와,  후회 없는 「학교 축제」를 만들기 위해 평소 이상으로 노력하는 요츠바.  어지러운 날들이 지나고 정신을 차려보니 「학교 축제」 전날.  후타로는 포기하지 않고 힘쓰는 이츠키의 모습에 힘입어,  니노의 각오와 미쿠의 결의, 그리고 이치카·요츠바·이츠키에 대한 마음의 답을 찾는다.  저마다의 생각을 안고 있는 와중,  드디어 시작된 고교 생활 최후의(마지막) 이벤트인 「학교 축제」 첫날.  『학교 축제 첫날 15시에 교실에 와줘』  교실에 모인 다섯 쌍둥이는, 후타로에게 어떠한 마음을 고백 받게 될까?",2022-05-20,16
48,756999,/eJPIkRiYGnvQaPCZtTRTDmhMJVK.jpg,The Black Phone,블랙폰,7.9,"사라진 아이들, 고장 난 전화기, 죽은 친구들과의 통화. 전화가 울리면 반드시 받을 것",2022-06-22,27
49,675054,/pTxw4GFE3ZfzJfvuUsPyD5njAuI.jpg,MexZombies,MexZombies,7.4,,2022-10-26,27
50,453395,/vL5ktZauR0fZMDOHKjakb1idhuU.jpg,Doctor Strange in the Multiverse of Madness,닥터 스트레인지: 대혼돈의 멀티버스,7.5,"아메리카는 어느 날 멀티버스 사이를 오갈 수 있는 힘에 눈을 뜨지만 완전히 제어하지 못한다. 정체불명의 악마가 아메리카를 죽이려 하자 다른 우주의 스트레인지가 이를 막아보지만 결국 살해당한다. 우여곡절 끝에 우리가 알고 있는 우주로 넘어온 아메리카는 어벤져스 멤버인 닥터 스트레인지의 도움과 보호를 받는다. 닥터 스트레인지는 웨스트뷰 사건 이후 잠적한 완다에게 도움을 청하지만 곧바로 그녀가 사건의 진정한 흑막, 스칼렛 위치임이 드러난다. 스칼렛 위치는 자신의 원하는 멀티버스로 가기 위해 아메리카의 힘을 흡수하려 한다. 닥터 스트레인지와 아메리카는 압도적인 힘을 지닌 스칼렛 위치를 피해 또 한번 다른 멀티버스로 도망치지만 그의 끈질긴 추격을 받는다.",2022-05-04,14
51,941959,/1iGVhDwTaLMPYVK2DeOLa1uAKjN.jpg,Un crimen argentino,Un crimen argentino,6.2,,2022-08-25,53
52,851644,/xM9Jt2sA6QcvLuHKM0RI3BMtFc5.jpg,20세기 소녀,20세기 소녀,8.9,"보라의 둘도 없는 친구 연두는 심장 수술을 위해 미국에 가면서 자신이 좋아하는 남자 백현진에 대한 모든 정보를 수집해 달라고 보라에게 부탁한다. 보라는 백현진의 가장 친한 친구 풍운호와 먼저 친해지기로 한다. 하지만 보라의 서투른 계획은 예상치 못한 방향으로 전개된다. 새로운 세기가 오기 1년 전인 1999년, 17세가 된 보라는 첫사랑의 열병에 빠진다.",2022-10-06,10749
53,810693,/gHcga1wgDD4MAeApoOM7yDn9BOq.jpg,劇場版 呪術廻? 0,극장판 주술회전 0,8.3,"어린 시절, 소꿉친구인 오리모토 리카를 교통사고로 눈 앞에서 잃은 옷코츠 유타. 옷코츠는 원령으로 변한 리카의 저주에 괴로워한 나머지 자신도 죽기를 바라지만, 최강의 주술사인 고죠 사토루에 의해 주술고전에 들어가게 된다. 그리고 동급생인 젠인 마키, 이누마키 토게, 판다를 만나면서 굳은 결심을 한다. 한편 옷코츠와 친구들 앞에 과거에 일반인을 대량으로 학살해서 고전에서 추방된 최악의 주저사인 게토 스구루가 나타난다. 주술사만의 낙원을 만들려는 게토는 비술사를 섬멸하겠다면서 신주쿠와 교토에 천의 저주를 내리는데...",2021-12-24,16
54,744276,/fZqvzsekRXxRrtEKIWoAWP5eqe7.jpg,After Ever Happy,애프터: 에버 해피,7,"뉴욕으로 떠난 테사와 소설가로 데뷔한 하딘,  런던에서 삶을 송두리째 뒤흔들 엄청난 과거를 알게 된 하딘은 자신의 불행 속에 테사를 끌어들이기 싫어서 애써 밀어낸다.  계속 제자리만 맴도는 관계에 지친 테사는 새로운 삶을 꿈꾸며 뉴욕으로 향하고, 떨어진 동안 그의 소중함을 깨달은 하딘은 뉴욕에서 테사와 재회하여 서로의 숨결과 살결을 탐한다.  다시 미래를 꿈꾸던 테사는 하딘이 집필한 소설 ‘애프터’에 자신의 첫 키스부터 첫 경험뿐만 아니라 감추고 싶던 아픈 기억까지 모두 담겨 있다는 것을 알고 충격을 받는데…",2022-08-24,10749
55,900667,/q9Ul66mQDGpAvqUrTZdSMSzym5w.jpg,ONE PIECE FILM RED,원피스 필름 레드,7.4,"오직 목소리 하나로 전 세계를 사로잡은 디바 ‘우타’.  그녀가 모습을 드러내는 첫 라이브 콘서트가 음악의 섬 ‘엘레지아’에서 열리고  ‘루피’가 이끄는 밀짚모자 해적단과 함께 수많은 ‘우타’ 팬들로 공연장은 가득 찬다.  그리고 이 콘서트를 둘러싼 해적들과 해군들의 수상한 움직임이 시작되는데…  드디어 전세계가 애타게 기다리던 ‘우타’의 등장과 함께 노래가 울려 퍼지고,  그녀가 ‘샹크스의 딸’이라는 충격적인 사실이 드러난다.  ‘루피’, ‘우타’, ‘샹크스’, 세 사람의 과거가 그녀의 노랫소리와 함께 밝혀진다! 여기에서",2022-08-06,16
56,969160,/gLnrBoSENk32SKjHDiZv7E4zwzK.jpg,Deinfluencer,Deinfluencer,4,,2022-10-01,27
57,585511,/nN2iHej7TyISjXC6Jl577aqpDHJ.jpg,Luck,럭,7.9,"불운의 아이콘 '샘 그린필드'는 어디에서도 본 적 없는 운의 왕국을 우연히 발견하고, 가장 친한 친구에게 행운을 가져다주기 위해 그곳으로의 여행을 계획한다. 하지만 운의 왕국은 인간의 접근을 허락하지 않고, '샘 그린필드'는 여행을 실행에 옮기기 위한 유일한 방법으로 마법의 생명체들로부터 도움을 받게 된다.",2022-08-05,16
58,886396,/nBaVsNvUxIuvhPw3xTaAJIw8me4.jpg,Batman and Superman: Battle of the Super Sons,Batman and Superman: Battle of the Super Sons,8,,2022-10-17,16
59,335795,/tn3GWm0Erehkpur8PUuYWxGpul5.jpg,Monster High: The Movie,몬스터 하이: 더 무비,7,,2022-10-06,12
60,924482,/qXU3lr4YmyT8y6kaX1CcpRiqia2.jpg,The Ledge,더 렛지,6.2,친구와 함께 암벽등반을 간 켈리는  그곳에서 만난 남성들에게 친구가 살해당하는 것을 목격하고 카메라로 찍는데…  쫓아오는 그들을 피할 곳은 눈앞의 거대한 암벽뿐...,2022-02-18,53
61,19995,/zygmx5abXeDpr3fWYX4jlXFZ1wh.jpg,Avatar,아바타,7.5,"가까운 미래, 지구는 에너지 고갈 문제를 해결하기 위해 머나먼 행성 판도라에서 대체 자원을 채굴하기 시작한다. 하지만 판도라의 독성을 지닌 대기로 인해 자원 획득에 어려움을 겪게 된 인류는 판도라의 토착민 나비의 외형에 인간의 의식을 주입, 원격 조종이 가능한 새로운 생명체를 탄생시키는 프로그램을 개발한다. 한편 하반신이 마비된 전직 해병대원 제이크 설리는 아바타 프로그램에 참가할 것을 제안받는다. 그 곳에서 자신의 아바타를 통해 자유롭게 걸을 수 있게 된 제이크는 자원 채굴을 막으려는 나비의 무리에 침투하라는 임무를 부여받는데...",2009-12-15,28
62,49046,/sNsmI4vQ1A6VG52dquTFx8oNTWk.jpg,Im Westen nichts Neues,서부 전선 이상 없다,7.9,"제1차 세계대전 당시 서부전선에서 싸운 독일군 청년의 강렬한 이야기.  젊은 사병과 전우들은 참호 속에서 사투를 벌이며,  처음 전쟁에 대해 느꼈던 환상과 도취감이  어떻게 절망과 공포로 변해가는지를 생생하게 체험한다.",2022-10-07,28
63,848526,/2symxAMYXpJ9mJ8YOc2b5ZEKIAQ.jpg,Arsenault & Fils,Arsenault & Fils,4.9,,2022-06-17,53
64,414906,/zGgrDMJCnE0s4EDX0L4X1wXFgZv.jpg,The Batman,더 배트맨,7.7,"지난 2년 간 고담시의 어둠 속에서 범법자들을 응징하며 배트맨으로 살아온 브루스 웨인. 알프레드와 제임스 고든 경위의 도움 아래 그는 도시의 부패한 공직자들과 고위 관료들 사이에서 복수의 화신으로 활약한다. 고담의 시장 선거를 앞두고 고담의 엘리트 집단을 목표로 잔악한 연쇄살인을 저지르는 수수께끼 킬러 리들러가 나타나자, 최고의 탐정 브루스 웨인이 수사에 나서고 남겨진 단서를 풀어가며 캣우먼, 펭귄, 카마인 팔코네, 리들러를 차례대로 만난다. 사이코 범인의 미스터리를 수사하면서 그 모든 증거가 자신을 향한 의도적인 메시지였음을 깨닫고,  리들러에게 농락 당한 배트맨은 광기에 사로잡힌다. 범인의 무자비한 계획을 막고 오랫동안 고담시를 썩게 만든 권력 부패의 고리를 끊어야 하지만, 부모님의 죽음에 얽힌 진실이 밝혀지자 복수와 정의 사이에서 갈등하는데...",2022-03-01,80
65,1034541,/A2ouWngHdomaAyFAPMI7VOpOLvS.jpg,Terrifier 3,Terrifier 3,0,,,27
66,1015724,/wZccw4Hj9ZF1yimnfPsX9rl3HvB.jpg,Trick or Treat Scooby-Doo!,Trick or Treat Scooby-Doo!,7.3,,2022-10-04,12
67,579974,/d0W61w08KPAxO63uuM0Xspxb27l.jpg,?????? ??? ??????,RRR: 라이즈 로어 리볼트,7.8,위험한 임무에 나선 용맹한 전사. 영국을 위해 일하는 냉혹한 경찰과 맞대결을 펼친다. 독립 이전의 인도를 배경으로 한 대서사극.,2022-03-24,28
68,961427,/akWDID6zfsWHJhGCAAcbwbytU55.jpg,Spirit Halloween: The Movie,Spirit Halloween: The Movie,6.8,,2022-09-30,27
69,864959,/t6P9l6tcVnWLS1ADUAfkUCGQhm0.jpg,The Curse of Bridge Hollow,브리지 홀로우의 저주,7,"동네의 핼러윈 장식에 생명을 불어넣은 악령. 덕분에 사방이 난장판이 되자, 핼러윈을 싫어하는 아빠가 마지못해 10대 딸과 팀을 이룬다.",2022-10-14,12
70,635302,/mxdVTei65ymzhJlalIEtR1qSgV2.jpg,劇場版「鬼滅の刃」無限列車編,극장판 귀멸의 칼날: 무한열차편,8.3,"혈귀로 변해버린 여동생 네즈코를 인간으로 되돌릴 단서를 찾아 비밀조직 귀살대에 들어간 탄지로. 젠이츠, 이노스케와 새로운 임무 수행을 위해 무한열차에 탑승 후 귀살대 최강 검사 염주 렌고쿠와 합류한다. 달리는 무한열차에서 승객들이 하나 둘 흔적 없이 사라지자 숨어있는 식인 혈귀의 존재를 직감하는 렌고쿠. 귀살대 탄지로 일행과 최강 검사 염주 렌고쿠는 어둠 속을 달리는 무한열차에서 모두의 목숨을 구하기 위해 예측불가능한 능력을 가진 혈귀와 목숨을 건 혈전을 시작하는데...",2020-10-16,16
71,9479,/aWUy907W9OtypP3iWO3wWvu4641.jpg,The Nightmare Before Christmas,팀버튼의 크리스마스 악몽,7.8,"1년에 한 번 할로윈 축제를 위해서 사는 할로윈 마을의 리더인 잭은 해골 귀신이다. 여느 때와 마찬가지로 할로윈을 준비해야 하는 잭은 반복되는 일상에 염증을 느낀다. 어느 날 잭은 우연히 할로윈 마을을 벗어나 크리스마스 마을에 도착한다. 할로윈 마을과는 판이하게 다른 크리스마스 마을을 보고 잭은 할로윈 마을에서 크리스마스 축제를 맡기로 한다. 잭과 그의 일당은 산타를 납치하고 산타 대신 해골이나 거미, 뱀 등을 크리스마스 선물로 준비해서 아이들에게 나누어주지만, 크리스마스의 들뜬 기분은 사라지고 온통 소동만 일어나는데...",1993-10-09,14
72,366672,/qXiIWXlDld14EBgcwlzzvi89y0g.jpg,Paws of Fury: The Legend of Hank,블레이드 퍼피 워리어,6.7,고양이로 가득한 마을에서 위대한 워리어가 되는 꿈을 가진 사냥개 행크가 자신의 운명을 찾아 떠나는 이야기,2022-07-14,10751
73,1034470,/a2a1Y6a6UriLJ0U7cGjphPOWQPK.jpg,Barbie Epic Road Trip,바비: 모험을 떠나요,5,바비와 친구들이 미국을 가로질러 여행을 떠난다. 미래에 대한 중요한 결정도 내려야 한다는데? 바비는 어떤 꿈을 선택할까? 인터랙티브한 모험 속으로 함께 떠나보자!,2022-10-25,35
74,505642,/nPpS4H39AhDD8g5VPt6tQcFJNtL.jpg,Black Panther: Wakanda Forever,블랙 팬서: 와칸다 포에버,8.1,"국왕이자 블랙 팬서인 티찰라의 죽음 이후 수많은 강대국으로부터 위협을 받게 된 와칸다. 라몬다, 슈리 그리고 나키아, 오코예, 음바쿠는 각자 사명감을 갖고 와칸다를 지키기 위해 외로운 싸움을 이어간다. 한편, 비브라늄의 패권을 둘러싼 미스터리한 음모와 함께 깊은 해저에서 모습을 드러낸 최강의 적 네이머와 탈로칸의 전사들은 와칸다를 향해 무차별 공격을 퍼붓기 시작하는데…",2022-11-09,28
75,541134,/cC1wNkQpvdkQPqmY5Io9HzglrlB.jpg,The Good Nurse,"그 남자, 좋은 간호사",7.2,과도한 업무로 지친 중환자실 간호사. 다행히 새로 온 동료가 직장과 집에서 힘이 되어주고 있다. 하지만 한 환자가 의문사를 당하면서 좋은 사람인 줄 알았던 동료 간호사가 달리 보이기 시작하는데.,2022-10-19,18
76,718789,/oMa5NjFxK8Csp6uVQ0tRuF1pWM5.jpg,Lightyear,버즈 라이트이어,7.2,"나, 버즈 라이트이어. 인류 구원에 필요한 자원을 감지하고 현재 수많은 과학자들과 미지의 행성으로 향하고 있다. 이번 미션은 인류의 역사를 새롭게 쓸 것이라 확신한다. 잘못된 신호였다. 이곳은 삭막하고 거대한 외계 생물만이 살고 있는 폐허의 땅이다. 나의 실수로 모두가 이곳에 고립되고 말았다. 모두를 구하기 위해서 모든 것을 제자리에 돌려 놔야 한다. 실수를 바로잡기 위한 탈출 미션을 위해 1년의 준비를 마쳤다. 어쩌다 한 팀이 된 정예 부대와 이 미션을 수행할 예정이다. 우주를 집어삼킬 저그 황제와 대규모 로봇 군사의 위협이 계속되지만 나는 절대 포기할 수 없다. 그런데... 여긴 또 어디지? 시간 속에 갇힌 건가?",2022-06-15,16
77,3933,/AinoobwUR3mDspc1O9exQHgUAyv.jpg,Corpse Bride,유령 신부,7.5,"생선 통조림 공장을 하며 벼락부자가 된 반 도르트 일가와 세습귀족이지만 가난한 에버글롯 일가는 각기 서로의 신분과 재산 때문에 사돈으로서의 연을 맺기로 결정한다. 결혼식 전날, 예행연습을 위해 처음 만나게 된 빅터와 빅토리아. 두 사람은 쑥스럽고 어색한 분위기 속에서도 사랑의 가능성을 발견하게 된다. 하지만 빅터는 결혼 리허설에서 계속해서 실수를 저지르고 급기야 연습을 더 하고 오라며 갤스웰 목사에게 쫓겨난다. 숲 속에서 홀로 연습하던 도중, 땅 위로 튀어나온 손가락 뼈에 반지를 끼웠다가 유령 신부의 오해로 지하세계에 끌려가게 되는 색다른 경험을 하게 된다.",2005-09-12,10749
78,508947,/hsOhOcX7qDy7bPwbrt1OoITngrf.jpg,Turning Red,메이의 새빨간 비밀,7.5,"엄마의 착한 딸, 아니면 미운 13살? 성적도 우수하고 친구들과 사이도 좋은 데다 부모와도 친밀한 관계를 유지하고 있는, 똑 부러지면서도 엉뚱한 매력의 소유자 메이는 요즘 질풍노도의 시기를 겪느라 고민이 많다. 이 나이에 엄마의 과잉보호를 받자니 스트레스가 이만저만이 아닌 데다, 관심사, 인간관계, 신체 등 그녀의 모든 것이 변하고 있기 때문. 그런데 이 와중에 흥분하면 거대한 레서판다로 변신하는 비밀까지 떠안게 되다니! 아침도 먹어야 하고 학교도 가야 하는데, 이 엄청난 비밀을 어떻게 숨겨야 할까?",2022-03-01,16
79,568124,/b8gz7UKMwMz39mz6EH5Jjicjdth.jpg,Encanto,엔칸토: 마법의 세계,7.7,"콜롬비아의 깊은 산 속, 놀라운 마법과 활기찬 매력이 넘치는 세계 엔칸토. 이곳을 만든 장본인은 마드리갈 가문의 기둥인 알마 할머니다. 그녀는 젊었을 때 세 쌍둥이를 데리고 이곳으로 오던 중에 위기를 맞았다. 그때 그녀가 들고 있던 촛불에 기적이 일어났고 그이후로 마법의 능력이 손주 세대까지 대물림된다. 3대에 걸친 이대가족은 음식으로 병을 고치는 능력, 꽃을 피우는 능력, 날씨를 조종 하는 능력 등 저마다 독특한 능력을 지니게 됐다. 하지만 가족 중 유일하게 미라벨만 아무런 능력이 없다. 어느 날 엔칸토가 지닌 마법의 힘이 위험에 처하고 가족들은 점차 자신의 능력을 잃어가기 시작한다. 이를 감지한 미라벨은 유일하게 평범한 자신이 특별한 이 가족의 마지막 희망일지 모른다고 생각하는데...",2021-10-13,16
80,931925,/oOYHNkJ73DDhVTH3qF8YeKp9dcW.jpg,El gerente,El gerente,8.4,,2022-10-20,35
81,921360,/b9ykj4v8ykjRoGB7SpI1OuxblNU.jpg,Wire Room,와이어 룸,6.9,,2022-09-02,28
82,960700,/epyZbxy59fLsYv7x2nsnuNT6qvt.jpg,鋼の?金術師 完結編 復讐者スカ?,강철의 연금술사 완결편: 복수자 스카,7,이마에 커다란 흉터가 있는 단독 연쇄 살인범. 지금 엘릭 형제 앞에 사상 최강의 적이 나타난다. 《강철의 연금술사》 실사 영화 완결편 2부작 중 첫 번째 작품.,2022-05-20,14
83,43641,/3MgwChvi42N1RnhQE9A4pQVHyUY.jpg,Superman/Shazam!: The Return of Black Adam,슈퍼맨/샤잠!: 돌아온 블랙 아담,7.2,슈퍼맨과 샤잠이 편을 먹고 우주에서 돌아온 악당 블랙 아담과 2:1로 맞서 싸우는 내용이다.악당이 얼마나 강한지 슈퍼맨 하나로는 상대가 되지 않을 정도다.,2010-11-16,16
84,1015602,/kxB9E6fo0ycHzd13oOTHmGa5Njd.jpg,Welcome to the Club,심슨 가족: 웰컴 투 더 클럽,6.7,디즈니+ 데이를 맞아 리사 심슨은 공주로 변신하기로 마음먹는다. 악명 높은 디즈니 악당들을 만난 리사는 나쁜 사람이 되는 게 더 재미있겠다는 사실에 놀란다.,2022-09-08,16
85,1029446,/4a0X2GKDmhhp1U2FUKtKY6uNQHL.jpg,Selina's Gold,Selina's Gold,2,,2022-10-24,18
86,585083,/6zt5l4DYV1kLPL5Vqz1kLq3THXD.jpg,Hotel Transylvania: Transformania,몬스터 호텔 4: 뒤바뀐 세계,7.1,"드락이 트랜실베니아 호텔을 딸 마비스와 사위 조니에게 넘길려고 한다.  그런데 조니의 형편없는 호텔 계획을 들은 드락은 걱정을 한다.  드라은 인간인 조니에게 오직 몬스터만 호텔 사업을 이끌어 갈 수 있다고 장난을 친다.  그러자 조니는 몬스터가 되기로 결심하고,  반헬싱의 신비한 발명품인 '몬스터피케이션 레이'가 엉망이 되면서  조이는 몬스터가 됐지만, 드락과 그의 친구들은 인간으로 변하게 된다.  과연, 드락과 조니는 그들이 저지른 실수들을 바로 잡을 수 있을까?",2022-02-25,16
87,801071,/3Ib8vlWTrAKRrTWUrTrZPOMW4jp.jpg,The Jack in the Box: Awakening,The Jack in the Box: Awakening,6.4,,2022-02-24,27
88,474350,/kkkS7NYPY4QZcZY6vfkAx0vjJRa.jpg,It Chapter Two,그것: 두 번째 이야기,6.9,"27년마다 아이들이 사라지는 마을 데리, 또 다시 ‘그것’이 나타났다. 27년 전, 가장 무서워하는 것의 모습으로 나타나 아이들을 잡아먹는 그것 페니와이즈에 맞섰던 ‘루저 클럽’ 친구들은 어른이 되어도 더 커져만 가는 그것의 공포를 끝내기 위해 피할 수 없는 마지막 대결에 나선다.",2019-09-04,27
89,752623,/8kZapNBZYGJu7AUbJVBDMmQgO1D.jpg,The Lost City,로스트 시티,6.8,전설의 트레저를 차지하기 위해 재벌 페어팩스(다니엘 래드클리프)는  유일한 단서를 알고 있는 베스트셀러 작가 로레타(산드라 블록)를 납치하게 된다.  어쩔 수 없는 비지니스 관계로 사라진 그녀를 찾아야만 하는 책 커버모델 앨런(채닝 테이텀)은  의문의 파트너(브래드 피트)와 함께 위험한 섬에서 그녀를 구하고 무사히 탈출해야만 하는데…  적과 자연의 위험이 도사리는 일촉즉발 화산섬.,2022-03-24,28
90,999205,/lDzoW7XAi10TkGXIswqw3nMyOqd.jpg,Stowaway,더 요트,6.9,"최근 가석방된 벨라 덴튼(루비 로즈)은 아버지의 동료라는 미서(프랭크 그릴로)에게서 오래전 연락이 끊긴 아버지의 죽음에 관한 소식과 자신에게 남겼다는 초호화 요트를 인수해 가라는 전화를 받고 미시시피로 향한다. 그곳에서 뜻밖의 행운을 자축하던 벨라는 세계 일주 중인 미첼(패트릭 슈왈제네거)을 만나 요트에서 함께 밤을 보낸다.  같은 시각, 괴한들이 침입해 정박 중이던 요트를 출항시키고, 망망대해에 홀로 남겨진 벨라는 요트에 감춰진 엄청난 진실을 마주하게 되는데…!",2022-08-31,53
91,724495,/438QXt1E3WJWb3PqNniK0tAE5c1.jpg,The Woman King,더 우먼 킹,7.4,,2022-09-15,28
92,773867,/zukuy8slSFF1OpokjGtGwuMcAQV.jpg,서울대작전,서울대작전,6.9,"1988년 서울올림픽을 앞두고, 드라이버와 정비 전문가 등이 모인 팀이 특수 위장 작전에 투입된다. 작전의 목표는 대규모 돈세탁 조직의 실체를 밝히고 와해하는 것. VIP 비자금 수사 작전에 투입된 상계동 슈프림팀의 쾌속 질주를 담은 카체이싱 액션 블록버스터",2022-08-26,28
93,484907,/kgaadQfeX9yi30oBCreM7cxurqj.jpg,Homebound,홈바운드,3.4,홀리는 새 남편의 가족을 만나기 위해 작은 시골 마을로 향한다. 예상치 못하게 그곳에서 남편의 전 부인의 실종 사건과 홀리를 불안하게 하는 두 아이들을 마주하게 되는데...,2022-04-01,9648
94,597922,/dXrBUpSXsqn09Trf8KKsQMIwDfH.jpg,The Greatest Beer Run Ever,지상 최대 맥주배달 작전,7.9,"치키(잭 에프론)는 베트남 전쟁에서 싸우는 친구들을 응원하고 싶은 마음에 직접 미국 맥주를 가져다주는 말도 안 되는 일을 하기로 하지만, 선의로 시작한 그 일은 곧 치키의 삶과 관점을 바꾸게 된다. 실화를 바탕으로 한 이야기.",2022-09-30,18
95,768744,/rqyVJKWCZCWwYK5eDVYyo0jauN6.jpg,僕のヒ?ロ?アカデミア THE MOVIE ワ?ルド ヒ?ロ?ズ ミッション,나의 히어로 아카데미아 더 무비: 월드 히어로즈 미션,7.6,"전 세계 개성 보유자 섬멸을 목표로 하는 수수께끼 조직 휴머라이즈. 그들이 각국에 설치한 '이디오 트리거 밤'으로부터 사람들을 구하기 위해 세계 선발 히어로 팀이 결성된다! 세계 각국의 프로 히어로와 유에이 고교 히어로과 학생들이 소집되어 각 지역에서 폭탄 회수 임무를 맡게 되는데... 엔데버 사무소에서 인턴 중인 미도리야, 바쿠고, 토도로키는 오세온에서 작전 수행 중, 어떠한 사건에 휘말리게 되고 미도리야는 이를 계기로 만난 운반책 소년 로디와 함께 경찰, 빌런의 공격을 받으며 전국에 지명수배된다. 한편, 휴머라이즈의 지도자 플렉트 턴이 범행을 예고하며 세계는 패닉에 빠지고, 히어로 팀은 절체절명의 상황에 위험을 무릅쓰고 폭탄 회수에 나서는데... 제한시간은 단 2시간! 전 세계와 히어로들의 미래가 '그들' 손에 달렸다!",2021-08-06,16
96,975120,/k2v9xSPtiyxCNxaRGtj7COwdgG3.jpg,Padre no hay mas que Uno 3,Padre no hay mas que Uno 3,7.7,,2022-07-15,35
97,1032950,/3retN9fNG3fXJlUjasDsyfZqT7T.jpg,Ostatnia Wieczerza,헬홀,6.2,1987년 폴란드. 미스터리한 실종 사건을 수사하던 한 경찰관이 외딴 수도원에 잠입해 그곳의 성직자에 대한 어두운 진실을 발견한다.,2022-10-26,27
98,1007401,/xvjCiv1xNlK1kNnoe1nul899vIp.jpg,Mortal Kombat Legends: Snow Blind,Mortal Kombat Legends: Snow Blind,8.1,,2022-10-09,16
99,836225,/9X9wKbF0ED1AQpgIkvq0MG4Y4wi.jpg,The Exorcism of God,엑소시즘 오브 갓,7.3,"멕시코 디오스에서 사역 중이던 미국인 신부 피터는 귀신 들린 마갈리 수녀에 대한 엑소시즘 도중 악령에 홀려 그녀를 탐하는 죄를 짓는다. 18년 후, 피터는 고아들과 소외된 자를 도우며 성인으로 칭송받는다. 어느 날, 원인을 알 수 없는 역병으로 4명의 아이들이 세상을 떠나고 피터는 자신이 지은 과거의 잘못에 대한 하나님의 징벌이라고 자책한다. 피터는 파문을 각오하고 잘못을 고하기 위해 발두치 주교를 찾아가지만, 교황청에서 피터를 주목하고 있다는 말을 들은 후 지원받은 약과 장비를 들고 돌아온다. 그날 밤, 악령 들린 하나님의 아들 예수에 대한 악몽을 꾼 피터는 우리베 교도소장의 전화를 받고 사라가도 코라존 교도소를 방문한다. 마갈리는 악마에 사로잡힌 에스페란자가 피터의 딸이라고 말하며 악령을 쫓아내 달라고 부탁한다. 피터는 에스페란자에 대한 엑소시즘을 위해 최고의 구마 사제인 마이클 신부에게 도움을 요청한다. 피터와 마이클 신부는 에스페란자의 육체를 빌려 돌아온 악마 발반에 맞서 구마 의식을 행하는데...",2022-03-11,27
100,610253,/87R745i8LjYlHLEPoVUswZCFwQb.jpg,Halloween Kills,할로윈 킬즈,6.6,"할로윈 밤의 살아 있는 공포 ‘마이클 마이어스’로 인해 오래도록 고통받으며 살아온 ‘로리 스트로드’ 그녀는 딸 ‘캐런’, 손녀 ‘앨리슨’과 함께 ‘마이클’을 자신의 집 지하실에 가두고 불을 지르는 데 성공한다. 하지만 모든 것이 끝났음을 실감하기도 잠시, 그가 지하실을 탈출했다는 절망적인 소식을 듣게 되고 이어 ‘마이클’의 살인이 벌어지면서 해든필드 주민들은 또 다시 공포와 혼란에 빠진다. 더 이상의 피해를 막기 위해 ‘로리 스트로드’와 ‘캐런’, ‘앨리슨’은 해든필드 주민들과 그를 사냥하기 위한 추적을 시작하는데… “악마는 오늘 밤 죽는다!”",2021-10-14,27
101,299536,/kmP6viwzcEkZeoi1LaVcQemcvZh.jpg,Avengers: Infinity War,어벤져스: 인피니티 워,8.3,"타노스는 6개의 인피니티 스톤을 획득해 신으로 군림하려 한다. 그것은 곧 인류의 절반을 학살해 우주의 균형을 맞추겠다는 뜻. 타노스는 닥터 스트레인지가 소유한 타임 스톤, 비전의 이마에 박혀 있는 마인드 스톤을 차지하기 위해 지구를 침략한다. 아이언맨과 스파이더맨은 가디언즈 오브 갤럭시의 멤버들과 타노스를 상대한다. 지구에선 캡틴 아메리카, 완다, 블랙 위도우, 블랙 팬서 등이 비전을 지키기 위해 뭉친다.",2018-04-25,12
102,639933,/Aedz3vL7rC5fO0t7vQK7KUMwiW5.jpg,The Northman,노스맨,7.2,아버지를 죽이고 왕위를 차지한 숙부를 향한 복수를 다짐한 왕자. 자신의 정체를 숨기고 바이킹 전사로 성장한다! 운명을 지배하는 바이킹의 처절한 복수가 시작된다!,2022-04-07,28
103,338953,/uvQbXjMgC5weQepx4jLJJ60H3N0.jpg,Fantastic Beasts: The Secrets of Dumbledore,신비한 동물들과 덤블도어의 비밀,6.8,"1930년대, 제2차 세계대전에 마법사들이 개입하게 되면서 강력한 어둠의 마법사 그린델왈드의 힘이 급속도로 커진다. 덤블도어는 뉴트 스캐맨더에게 위대한 마법사 가문 후손, 마법학교의 유능한 교사, 머글 등으로 이루어진 팀에게 임무를 맡긴다. 이에 뉴트와 친구들은 머글과의 전쟁을 선포한 그린델왈드와 추종자들, 그의 위험한 신비한 동물들에 맞서 세상을 구할 거대한 전쟁에 나선다. 한편 전쟁의 위기가 최고조로 달한 상황 속에서 덤블도어는 더 이상 방관자로 머물 수 없는 순간을 맞이하고, 서서히 숨겨진 비밀이 드러나는데...",2022-04-06,14
104,580489,/1Lh9LER4xRQ3INFFi2dfS2hpRwv.jpg,Venom: Let There Be Carnage,베놈 2: 렛 데어 비 카니지,6.9,"‘베놈'과 완벽한 파트너가 된 ‘에디 브록' 앞에 ‘클리터스 캐서디'가 ‘카니지'로 등장, 앞으로 닥칠 대혼돈의 세상을 예고한다. 대혼돈의 시대가 시작되고, 악을 악으로 처단할 것인가?",2021-09-30,878
105,860623,/4B7liCxNCZIZGONmAMkCnxVlZQV.jpg,Last Man Down,라스트 맨 다운,6.3,"가까운 어느 미래, 치명적 바이러스가 유럽 전역을 휩쓴다. 살아남은 생존자들은 북부로 이동해 작은 마을을 형성한다. 한편 스톤 대령의 부대가 생존자를 보호한다는 명분으로 잠재적 바이러스 보유자를 찾아 무차별적으로 살해하기 시작한다. 스톤 대령의 정책에 반대하는 특수부대 출신 존 우드는 웨스트버그 마을 사람들을 대피시킨다. 스톤은 마을 사람들의 소재를 말하지 않는 존의 아내 에밀리아를 살해한다. 그 후 스톤의 전함에서 탈출한 존은 유럽 북쪽의 인적이 드문 호숫가 오두막에서 은둔한다. 3년 후, 존은 여전히 에밀리아에 대한 그리움과 죄책감에 시달린다. 그러던 어느 날, 실험실에서 탈출한 마리아가 존의 오두막에 나타난다. 마리아의 등에서 추적장치를 제거한 존은 바코드 문신을 한 그녀에게 떠나 달라고 부탁한다. 며칠 후 무장한 3명의 용병이 마리아를 찾아 존의 오두막에 도착한다. 존의 도움으로 용병을 제거한 마리아는 스톤 대령이 치료제인 자신의 혈액을 독점하려 한다고 이야기한다. 얼마 후 마리아에게 걸린 현상금을 노린 사냥꾼들이 다시 오두막을 침입한다. 존은 마리아를 보호하기 위해 목숨을 건 싸움을 다시 시작하는데...",2022-11-03,28
106,919355,/zkGFADykBtfPfTv7YJooxTH52ph.jpg,Dragon Knight,드래곤 나이트,7.1,"전쟁이 패하고 용들이 모두 죽고 몇 년 후, 외로운 기사는 악마 군주 아바돈에 맞서 군대를 일으키기 위해 아고노스 땅을 여행합니다.  힐러의 환영에서 한 마리의 드래곤이 아직 살아 있다는 사실이 밝혀졌을 때, 열정적인 젊은 스콰이어와 함께 기사는 전설적인 생물을 찾기 위해 출발합니다. 아바돈의 군대가 인간 왕국에 내려올 때, 용은 인간의 땅을 황폐화시키기 전에 무리를 물리칠 마지막 희망입니다. 그러나 생물이 존재하기라도 합니까? 그리고 만약 그렇다면, 다시 한 번 그들을 위해 싸울 것입니까?",2022-03-21,14
107,843633,/lG56H40Y1BuHSPoWtEgDJsSgDBZ.jpg,White Elephant,화이트 엘리펀트,6.6,,2022-06-03,28
108,228326,/aotTZos5KswgCryEzx2rlOjFsm1.jpg,The Book of Life,마놀로와 마법의 책,7.5,"기예르모 델 토로 감독이 제작자로 나선 애니메이션. 가족들이 희망하는 바와 달리 음악가가 되고 싶어 하는 청년 마놀로가 영화의 주인공이며, 그가 자신의 미래를 선택하기 직전 세곳의 환상의 세계에서 놀라운 모험을 하는 이야기다. 채닝 테이텀, 조 살다나, 론 펄먼, 디에고 루나 등 비주얼만큼이나 목소리 출연 배우들도 화려하다.",2014-10-01,16
109,831410,/ciRq9QUBpFWNsFKs2opG5tP157.jpg,Bring It On: Cheer or Die,Bring It On: Cheer or Die,6.5,,2022-09-27,53
110,791373,/qd7iPB26bwMPZqRcnflzAeDkMn.jpg,Zack Snyder's Justice League,잭 스나이더의 저스티스 리그,8.2,"슈퍼맨이 죽고 지구에 어둠의 그림자가 드리운다. 마더박스를 차지하기 위해 빌런 스테픈울프가 파라데몬 군단을 이끌고 지구에 온 것이다. 지구를 지키기 위해 목숨을 바친 슈퍼맨의 희생이 헛되지 않도록 하기 위해 브루스 웨인은 다이애나 프린스와 적에 맞서기로 한다. 배트맨과 원더 우먼은 새로이 등장한 위협에 맞서 싸우기 위해 특별한 능력을 가진 메타휴먼, 아쿠아맨과 사이보그, 플래시를 찾아가 설득하여 힘을 합친다. 드디어 한 팀이 된 저스티스 리그. 혹시 스테픈울프와 데사드 그리고 다크사이드를 물리치기에 너무 늦어버린 것이 아닐까?",2021-03-18,28
111,14836,/iGp4wBc0ZBVFd2HPicyDgl6Pn1r.jpg,Coraline,코렐라인: 비밀의 문,7.8,"새로운 집으로 이사해 모든 것이 낯선 코렐라인은 부모님도 일 때문에 바쁘자, 혼자 집안을 돌아다니던 중 숨겨진 작은 문을 발견한다. 그날 밤 우연히 문을 열어 본 코렐라인은 그 문을 통해 또 다른 세계로 가게 되고, 상상으로만 생각하던 모든 것이 다 실현되는 또 다른 세계에 점점 마음을 뺏기게 된다. 이 곳에는 단추 눈을 한 가족, 친구, 이웃 등 모든 사람이 자신의 말을 들어주는, 신나고 완벽한 세상인 것. 그러나 이 곳에 머물기 위해 필요한 무시무시하고 엄청난 비밀을 알게 된 코렐라인은 현실의 세계로 돌아가려 하지만, 또 다른 세계의 엄마는 이를 막기 위해 본색을 드러낸다. 과연 코렐라인은 현실의 세계로 무사히 돌아갈 수 있을까?",2009-02-05,16
112,818397,/fWkFnlCQLtfIBGnhMKVw2dttEDk.jpg,Memory,메모리,7.1,"단 한번의 실패도 실수도 용납할 수 없는 킬러 ‘알렉스’(리암 니슨). 어느 날, 그에게 새로운 의뢰가 들어온다.  오직 자신의 신념에 따라 움직인 그는 이 사건에 한 소녀가 연관되어 있음을 알게 되고 단칼에 거절한다.  의뢰를 거절했다는 이유로, 모두의 표적이 되어버린 그는 오래된 병으로 인해 희미해져 가는 기억을 붙잡고,  소녀와 자신을 지키기 위해 의뢰에 연관된 모든 것들을 응징하기로 한다.  한편, 멕시코 국경에서 사건을 맹렬히 쫓던 FBI 요원 ‘빈센트’(가이 피어스)는 ‘알렉스’를 만나게 되고, 두 사람은 이 사건의 거대한 비밀과 마주하게 되는데···  사라지는 기억, 더욱 선명해지는 정의! 마지막 응징이 시작된다!",2022-04-28,28
113,629542,/k5TL1oBUqSr6dL9NlHGRr3vJcXd.jpg,The Bad Guys,배드 가이즈,7.7,"작전 설계부터 금고 해제, 해킹, 액션, 위장까지 완벽한 팀플레이를 펼치는 자타공인 최고의 나쁜 녀석들이 한순간의 실수로 체포된다.  하지만 그들도 착해질 수 있다는 ‘마멀레이드 박사’의 주장으로 나쁜 녀석들은 바른 생활 갓생 프로젝트에 투입되고, 이들은 다시 한번 자유의 몸을 위해 태어나 처음으로 바른 생활에 도전하게 되는데…  나쁜 녀석들의 사상 초유 바른 생활 갓생 프로젝트가 시작된다!",2022-03-17,16
114,1014226,/wHowKf77gNZbVo9yu5ggiNBFCdJ.jpg,Sonr?e,Sonr?e,1,,2022-08-18,53
115,602223,/bZrStEjqKMRCywomPZiPkOWZpXL.jpg,The Forever Purge,더 퍼지: 포에버,7.1,"매년 단 하루, 12시간 동안 살인은 물론 어떤 범죄도 허용되는 미국의 연례 행사 ‘퍼지’ 데이! 아메리칸 드림을 꿈꾸며 미국에 정착한 멕시코 부부 ‘아델라’와 ‘후안’, 텍사스 부촌에서 마구간과 농장을 꾸리며 안락하게 살아가는 ‘딜런’ 가족까지 모든 이들이 긴장감 속에서 ‘퍼지’ 데이를 맞이한다. 다행히 큰 사고없이 ‘퍼지’ 데이를 보낸 이들은 공식적인 ‘퍼지’ 종료 사이렌이 울리자 일상으로 복귀한다. 하지만 ‘영원한 퍼지’를 통한 ‘미국의 정화’를 외치는 추종자 세력이 등장하면서 걷잡을 수 없는 폭력과 살인이 난무하기 시작한다. 안전을 위해 멕시코 국경까지 이동해야 하는 ‘아델라’와 ‘후안’, 그리고 ‘딜런’ 가족은 과연 공권력과 법의 통제가 완전히 사라져버린 ‘영원한 퍼지’ 속에서 살아남을 수 있을 것인가…",2021-06-30,27
116,626735,/6Kcy1Pt0RSlD6yvTx0oGG1wpIsH.jpg,Dog,도그,7.4,"이라크 파병으로 인한 후유증으로 부대 복귀가 불가능한 특수부대 출신 미군 ‘잭슨’. 어느 날 그의 동료의 사망소식을 듣고, 그의 군견 ‘룰루’를  2400km나 떨어진 그의 장례식장에 데려가면 복직을 추천해주겠다는 상관의 제안을 받는다. 잭슨은 이를 수락하지만, 룰루 또한 이미 전투 후유증으로 사나운 사고뭉치가 되어 있었다. 잭슨과 룰루는 서로에 대한 마음도 열지 못한 채 둘만의 여정을 떠나게 되는데…",2022-02-17,18
117,968857,/1uy2PNFwtkqH3mhGd6irk5aeIrF.jpg,Looks Can Kill,Looks Can Kill,5.3,,2022-02-01,53
118,829560,/4N9BqdesW3YD7ZM2dlTOYefkCEM.jpg,The Next 365 Days,또 다른 365일,6.6,"신뢰 문제를 극복하려 애쓰는 라우라와 마시모의 관계가 흔들리는 가운데, 끈질긴 나초가 둘을 갈라놓으려 한다.",2022-08-19,10749
119,1006851,/khcVwO0gwguC1CndbxtH1bzk4aj.jpg,Office Invasion,오피스 인베이전,5.8,같은 광산 회사에 다니는 절친 삼인방이 힘을 합친다. 광산을 약탈하고 인간을 몰살하려 하는 무시무시한 외계인들로부터 소중한 회사를 지키기 위하여!,2022-08-10,878
120,526896,/8uiV88A5eB7PjMTtY6lQBUZ0Cpl.jpg,Morbius,모비우스,6.3,"희귀혈액병을 앓고 있는 생화학자 모비우스는 동료인 마르틴과 함께 치료제 개발에 몰두한다. 흡혈 박쥐를 연구하던 중 마침내 치료제 개발에 성공한 모비우스는 새 생명과 강력한 힘을 얻게 되지만, 동시에 흡혈을 하지 않고는 생명을 유지할 수 없게 된다. 그러던 중 모비우스와 같은 병을 앓고 있던 그의 친구 마일로도 모비우스와 같은 힘을 얻게 되는데…",2022-03-30,28
121,932339,/aDUWcbmzKM2CwkDbXixVvQbTYbo.jpg,Un novio para mi mujer,Un novio para mi mujer,4.7,,2022-07-22,35
122,335787,/2R8smeSDkPx6TKIRveKPXi0JVI6.jpg,Uncharted,언차티드,7.1,"평범한 삶을 살던 네이선은 인생을 바꿀 뜻밖의 제안을 받는다. 그의 미션은 크루와 함께 사라진 형과 500년 전 잃어버린 천문학적인 가치를 지닌 트레져를 찾아내는 것. 그러나 몬카다의 위협 속, 누구보다 빠르게 미지의 세계에 닿기 위해 결단을 내려야만 하는데…",2022-02-10,28
123,782054,/1SJZmO5NbBEOLHYeou1OyfgcG9k.jpg,映?ドラえもん のび太の宇宙小?? 2021,도라에몽: 진구의 우주소전쟁 리틀스타워즈 2021,5.6,"여름방학 어느 날, 진구가 주운 작은 로켓 안에서 손바닥만 한 우주인 ‘파피’가 나타난다!  우주의 머나먼 곳에 있는 작은 별 ‘피리카’의 대통령인 그는  반란군에게서 도망쳐 지구에 왔다고 한다.  처음에는 너무 작은 ‘파피’의 사이즈에 당황하던 도라에몽과 진구는  비밀도구 ‘스몰 라이트’로 작아져서 함께 놀며 친구가 된다.  그러나 고래 형태의 우주전함이 ‘파피’를 붙잡기 위해 지구에 나타나 이들을 공격하고,  모두를 끌어들인 것에 책임감을 느낀 ‘파피’는 홀로 반란군에 맞서고자 하는데…  소중한 친구 ‘파피’와 그의 별을 지키기 위한  도라에몽과 친구들의 우주 모험이 시작된다!",2022-03-04,16
124,459151,/zGaeo3fNXCcnttUQMgZr1FW0t4V.jpg,The Boss Baby: Family Business,보스 베이비 2,7.5,베이비 주식회사의 레전드 보스 베이비에서 인생 만렙 CEO가 된 `테드`. 베이비인 줄 알았던 조카 `티나`가 알고 보니 베이비 주식회사 소속이라니! 뉴 보스 베이비 `티나`의 지시로 `테드`는 형과 함께 다시 베이비로 돌아가야만 하는데…,2021-07-01,16
125,10439,/sZUsvNRUmyuHTmCw0cxiu1CGv3s.jpg,Hocus Pocus,호커스 포커스,7.1,할로윈 데이. 주인공 맥스는 다른 아이들처럼 귀신을 믿지 않고 할로윈 데이에 엉뚱한 짓을 하다가 그만 300년간 잠들어 있던 마녀 삼총사를 깨우고 말았다. 현대의 도시에 나타난 세 마녀는 영원한 생명을 얻기 위해 숫총각 맥스의 정기를 노린다. 맥스는 자신의 순결과 목숨을 지키기 위해 또 온 인류와 현대문명을 지키기 위해 이들과 맞선다.,1993-07-16,14
126,1025169,/seeEc3xNttsx308AB0iFtqKVyjG.jpg,13 ??????: ??????????????????,더 트랩트 13: 태국 동굴 조난 사건,6.3,2018년 탐루앙 동굴에 고립된 태국의 유소년 축구팀 선수들. 이들의 기적적인 생환 스토리를 담은 강렬한 다큐멘터리. 구조된 소년들의 입을 통해 당시의 경험과 뒷이야기들을 들어본다.,2022-10-05,99
127,1008779,/ksxiXqwPuEjh3gct1zUpyzNoQFt.jpg,La Princesa,La Princesa,7.4,,2022-02-01,28
128,2082,/hVahCZp70K85OCgIYHOs91tQroC.jpg,Halloween,할로윈: 살인마의 탄생,6.2,"미국의 작은 마을 해든필드의 할로윈 밤, 10살의 마이클 마이어스는 만취해 소파에 앉은 채 잠든 주정뱅이 계부와 남자친구를 집으로 불러들여 한바탕 섹스를 하고 난 방탕한 누나, 그리고 누나의 남자친구를 살해하고 ‘스미스 그로브’ 정신병원에 수감된다.  그로부터 17년 후, 마이클 마이어스를 담당했던 샘 루미스 박사는 마이클의 치료에 끝내 실패하고 결국 치료를 중단하기로 결정한다. 루미스 박사가 돌아간 그날 밤, 살인 본능을 키워오던 마이클은 정신병원을 탈출하고 해든필드로 향한다.  해든필드로 돌아온 마이클은 ‘로리 스트로드’를 미행하기 시작하고 루미스 박사가 그의 행적을 추적한다. 마이클 마이어스가 돌아온 해든필드에는 어둠의 기운이 드리우는데….",2007-08-31,27
129,438695,/xe8dVB2QiCxLWFV77V4dpZcOvYB.jpg,Sing 2,씽2게더,8,"대국민 오디션 이후 각자의 자리에서 꿈을 이루고 있는 버스터 문(매튜 맥커너히)과 크루들에게 레드 쇼어 시티에서 전 세계가 주목하는 사상 최고의 쇼가 펼쳐진다는 소식이 들려오고 버스터 문과 크루들은 도전에 나선다. 그러나 최고의 스테이지에 서기 위한 경쟁은 이전과는 비교도 할 수 없을 만큼 치열하고, 버스터 문은 완벽한 라이브를 위해 종적을 감춘 레전드 뮤지션 클레이(보노)를 캐스팅하겠다는 파격 선언을 하는데!",2021-12-01,16
130,961484,/nnfm6vscrAX8LDCC73T1OwdcalZ.jpg,Last Seen Alive,분노의 추격자,6.5,"아내가 사라졌다!  평소와 다를 바 없던 귀갓길,",2022-05-19,28
131,755566,/8utntaGYeQI5NDKgnA5ioIMW92w.jpg,Day Shift,데이 시프트,6.9,LA에 사는 남자. 일주일 안에 딸의 교육비와 치아 교정비를 마련해야 한다. 가족을 위해 목숨 걸고 일하러 가는 이 남자의 직업은 뱀파이어 사냥꾼!,2022-08-10,28
132,667276,/fR49hZdFJ6ZtRS23JW79VYmZgI7.jpg,Las Leyendas: El Origen,레전드 퀘스트: 오리진,8.3,,2021-02-15,16
133,838197,/yt40jRlEkpx34XbxlZqvotFRGzW.jpg,...Altrimenti ci arrabbiamo!,"다 비켜, 우리 화났어",5.4,버드 스펜서와 테렌스 힐의 1970년대 영화를 리부트한 작품. 25년간 소원했던 두 형제가 다시 만나 아버지가 아끼던 듄 버기를 되찾으러 나선다.,2022-03-23,35
134,1022206,/28E42Ea3Ml3cjvUMHaSqeGYXBfI.jpg,Esposa de Aluguel,아내 빌리기,6.5,"독신주의를 고집하던 남자가 배우를 고용해 약혼녀 행세를 부탁한다. 엄마의 마지막 소원도 들어줄 겸, 유언장에서 제 이름도 지킬 겸.",2022-10-11,35
135,424139,/wnJeyVsUbhnen4hZbYoJdjJHK2c.jpg,Halloween,할로윈,6.5,"마이클이 특별 정신병원에 갇히게 된 지 40년이라는 세월이 지났다. 살아남은 로리(제이미 리 커티스)도 이제 할머니가 되었지만, 그날의 악몽을 잊을 수가 없다. 어느 날, 한 다큐멘터리 팀이 마이클을 인터뷰하러 가는데, 이를 계기로 그가 탈출하게 된다. 그리고 40년 전에 죽이지 못한 로리를 찾아 다시 고향마을로 돌아온다.",2018-10-18,27
136,337404,/ejnSfKiUgqyiqdiLMc1wGAwvyTN.jpg,Cruella,크루엘라,8.1,"재능은 있지만 밑바닥 인생을 살던 에스텔라는 우여곡절 끝에 런던에 오게 된다. 그곳에서 운명처럼 재스퍼와 호레이스를 만난 에스텔라는 뛰어난 패션 감각을 이용해 완벽한 변장과 빠른 손놀림으로 런던 거리를 싹쓸이한다. 도둑질이 지겹게 느껴질 때 쯤, 꿈에 그리던 리버티 백화점에 들어가게 된 에스텔라. 그곳에서 런던 패션계를 꽉 쥐고 있는 남작 부인을 만나 충격적 사건을 겪게 되며, 에스텔라는 런던 패션계를 발칵 뒤집을 파격 아이콘 크루엘라로 새롭게 태어나게 되는데...",2021-05-26,35
137,877957,/3w0KOMiF7AHpLr9fnJnBLjFry0A.jpg,雨を告け?る漂流?地,표류단지,7.8,주민들이 모두 떠난 아파트를 타고 돌연 망망대해 위를 표류하게 된 아이들. 집으로 돌아가기 위해선 서로에게 조금 더 솔직해질 필요가 있는데.,2022-09-09,16
138,646385,/j2lndg3r6pshxFJyDJZnn50EklS.jpg,Scream,스크림,6.7,"잔혹한 살인 사건으로 우즈보로 마을이 충격에 휩싸인 지 25년이 지난 후,  고스트 페이스를 한 새로운 살인마가 다시 십대들을 노리면서 마을의 어두운 비밀이 다시 수면 위로 떠오르는데…",2022-01-12,27
139,762504,/52McjY2vAEiF0lJe8iBdOBNuyok.jpg,Nope,놉,7,"거대하고, 주목받길 원하고, 미쳤다. 나쁜 기적이라는 것도 있을까?",2022-07-20,27
140,1010818,/lSONYnVc2tfzsQuenZgzawQtW2c.jpg,Groot's First Steps,그루트의 첫 발자국,7.3,이제 화분 밖으로 나가 보자. 첫걸음을 떼는 베이비 그루트. 하지만 달리기 전에 걸음마부터 배워야지.,2022-08-10,16
141,643274,/fMksaQrIVsFlVCLS8KQfLGZ5vgt.jpg,Beauty Salon: Special Service 3,Beauty Salon: Special Service 3,7.8,,2019-04-29,10749
142,951368,/2OOYNZLKjdX8Z5KNyz7zZnHmodJ.jpg,Your Boyfriend Is Mine,Your Boyfriend Is Mine,6.8,,2022-03-19,53
143,671,/unEtC8uWn2lcQLnwKG9PZJX0h0c.jpg,Harry Potter and the Philosopher's Stone,해리 포터와 마법사의 돌,7.9,"해리 포터는 위압적인 버논 숙부와 냉담한 이모 페투니아, 욕심 많고 버릇없는 사촌 더즐리 밑에서 갖은 구박을 견디며 계단 밑 벽장에서 생활한다. 이모네 식구들 역시 해리와의 동거가 불편하기는 마찬가지. 이모 페투니아에겐 해리가 이상한 언니 부부에 관한 기억을 떠올리게 만드는 달갑지 않은 존재다. 11살 생일이 며칠 앞으로 다가왔지만 한번도 생일파티를 치르거나 제대로 된 생일선물을 받아 본 적이 없는 해리로서는 특별히 신날 것도 기대 할 것도 없다. 11살 생일을 며칠 앞둔 어느 날 해리에게 초록색 잉크로 쓰여진 한 통의 편지가 배달된다. 그 편지의 내용은 다름 아닌 해리의 11살 생일을 맞이하여 호그와트에서 보낸 입학 초대장이었다. 그리고 해리의 생일을 축하하러 온 거인 해그리드는 해리가 모르고 있었던 해리의 진정한 정체를 알려주는데...",2001-11-16,12
144,442249,/litjsBoiydO6JlO70uOX4N3WnNL.jpg,The First Purge,더 퍼스트 퍼지,6,미국의 공포 스릴러 영화 《더 퍼지》 시리즈의 4번째 작품. 더 퍼지의 프리퀄 이야기를 그린다. 분명 인기가 없었다면 네 번째 시리즈까지 만들어지지 않았을 편부터 특유의 잔인하고 폭력적인 소재와 화제가 됐던 영화이다.,2018-07-04,27
145,843241,/c6LuZgSe1FFbnSPrZWyvh9f4ZEs.jpg,劇場版 七つの大罪 光に呪われし者たち,일곱 개의 대죄: 빛에 저주받은 자들,7.8,마침내 성전이 끝났다. 3천 년에 걸친 싸움에 종지부를 찍은 일곱 대죄. 하지만 혼돈을 바라는 자들이 모두 사라진 것은 아니었으니. 새로운 적에 맞서 세계를 구한 대죄인들이 다시 집결한다.,2021-07-02,16
146,894205,/7xjqr2e1Eu4008Wk8JlipNtyVlD.jpg,Werewolf by Night,웨어울프 바이 나이트,7.1,"칠흑같이 어두운 밤, 비밀리에 활동하던 괴물 사냥꾼들이 어둠 밖으로 나온다. 그들은 불길한 기운을 풍기는 블러드스톤 사원에 모여, 기이하면서도 섬뜩한 방식으로 세상을 떠난 리더를 추모한다. 바로 강력한 유물을 놓고 벌이는 사냥꾼들 간의 목숨을 건 대결이었다. 그러나 유물을 놓고 싸우던 사냥꾼들 앞에 위험천만한 괴물이 나타난다.",2022-09-25,28
147,714888,/isLWtcB9TK3wLlTzEny2dPH6beh.jpg,"Argentina, 1985","아르헨티나, 1985년",8.3,"'아르헨티나, 1985년'은 훌리오 스트라세라, 루이스 모레노 오캄포, 그리고 젊은 오합지졸 법률 팀의 실화를 바탕으로 한 영화다. 계속되는 위협 속에서 다비드 대 골리앗의 싸움을 벌이는 이들은 아르헨티나 역사상 최악의 군사 독재자를 기소하고 군사 지도자의 희생자들에게 정의를 찾아 주기 위한 시간과의 싸움을 이어간다.",2022-09-29,18
148,423108,/yxPlLa5p54Wk1o2koiW4hqn4wfG.jpg,The Conjuring: The Devil Made Me Do It,컨저링 3: 악마가 시켰다,7.6,"1981년, 미국 역사상 최초로 잔혹한 살인사건의 용의자가 악마가 살해하도록 시켰다고 주장하는 초유의 사태가 일어난다. 그리고 사건의 배후에는 악마에게 빙의된 소년이 있다. 살인사건의 범인은 인간인가 악마인가…",2021-05-25,27
149,1012801,/8qb8cLDBAWdahrtixN2mQdI6e52.jpg,Barbie: Mermaid Power,Barbie: Mermaid Power,7.4,,2022-10-14,16
150,566525,/14L4NGrqO4r7gJtVRiSRP5rNsL5.jpg,Shang-Chi and the Legend of the Ten Rings,샹치와 텐 링즈의 전설,7.7,초인적인 능력을 가진 텐 링즈의 힘으로 수세기 동안 어둠의 세상을 지배해 온 웬우. 샹치는 아버지 웬우 밑에서 암살자로 훈련을 받았지만 이를 거부하고 평범함 삶을 선택한다. 샌프란시스코로 떠나와 자신의 진짜 이름을 숨긴 채 션이란 가명으로 살아가는 샹치. 웬우가 수장으로 있는 조직 텐 링즈의 일원인 레이저 피스트가 찾아와 샹치의 펜던트를 훔쳐가자 샹치는 친구 케이티와 함께 연이 끊겼던 동생 샤링을 염려하며 그녀가 숨어 지내는 마카오로 찾아간다. 텐 링즈의 마법 같은 힘을 통해 수천년 동안 지구의 역사를 혼란에 빠뜨렸던 웬우는 자신의 아들딸을 다시 불러들여 새로운 계략을 꾸민다.,2021-09-01,28
151,672,/sfs4U6XpiKFngbbSzrpZbkM1ySI.jpg,Harry Potter and the Chamber of Secrets,해리 포터와 비밀의 방,7.7,"해리 포터에겐 이번 여름방학이 별로 즐겁질 못했다. 마법이라면 질색을 하는 페투니아 이모와 버논 이모부의 구박도 그렇지만, 무엇보다 속상한 건 단짝이었던 론 위즐리와 헤르미온느 그레인저가 그 사이 자신을 까맣게 잊었는지 자신의 편지에 답장 한 통 없다는 것.  그러던 어느날 꼬마 집요정 도비가 해리의 침실에 나타나 뜻밖의 얘기를 한다. 호그와트 마법학교로 돌아가면 무서운 일을 당할 거라는 것. 도비는 해리를 학교에 못 가게 하려고 자신이 여태까지 론과 헤르미온느의 답장을 가로채 왔음을 고백한다. 그러나 도비와 더즐리 가족의 방해에도 불구, 해리는 론과 그의 형제들이 타고 온 하늘을 나는 자동차를 타고 이모집을 탈출, 따뜻한 가족애가 넘치는 론의 집으로 가는데...",2002-11-13,12
152,674,/h6BhNwNXg0IEbs2PoWfCX9QEvgl.jpg,Harry Potter and the Goblet of Fire,해리 포터와 불의 잔,7.8,"요즘 들어 매일 꾸는 악몽 때문에 이마의 상처에 더욱 통증을 느끼는 해리는 친구 론과 헤르미온느와 함께 퀴디치 월드컵에 참가해 악몽에서 벗어날 수 있게 돼 마냥 기쁘다. 그러나 퀴디치 캠프장 근방 하늘에 불길한 기운이 나타난다. 바로 마왕 볼드모트의 상징인 어둠의 표식이 나타난 것. 볼드모트가 13년 전에 자취를 감춘 뒤, 감히 모습을 드러내지 못했던 그의 추종자 데스 이터들이 그 표식을 불러낸 것이다. 두려움으로 가득 찬 해리는 안전한 호그와트 마법학교로 돌아가고 싶어한다. 덤블도어 교장이라면 자신을 지켜줄 수 있을 것이기에. 그러나 올해는 예년과 상황이 좀 다른데...",2005-11-16,12
153,324786,/nlvcNogJK9R9iIj0YINApQE36FF.jpg,Hacksaw Ridge,핵소 고지,8.2,비폭력주의자인 도스는 전쟁으로부터 조국과 소중한 사람들을 지키기 위해 총을 들지 않아도 되는 의무병으로 육군에 자진 입대한다. 총을 들 수 없다는 이유로 필수 훈련 중 하나인 총기 훈련 마저 거부한 도스는 동료 병사들과 군 전체의 비난과 조롱을 받게 된다. 결국 군사재판까지 받게 되지만 끝까지 자신의 신념을 굽히지 않은 도스에게 군 상부는 오키나와 전투에 총기 없이 의무병으로 참전할 것을 허락하는데…,2016-10-07,18
154,927341,/etc6HKBEhNySNnYU2nRgbSeIyoW.jpg,Hunting Ava Bravo,Hunting Ava Bravo,6.5,,2022-04-01,27
155,798544,/xKH44zYwhviUnnkOy7ReZeEcIp3.jpg,サマ?ゴ?スト,썸머 고스트,7.6,"인터넷을 통해 서로 알게 된 '토모야', '아오이', '료'. 아이들은 여름철 불꽃놀이와 함께 모습을 드러낸다는 의문의 여자 유령 '썸머 고스트'를 찾아 떠난다.  원치 않는 인생을 살고 있어서, 마음 붙일 곳 없이 외롭기만 해서, 빛나야 할 미래를 빼앗겨 버려서...  세 사람에겐 저마다 '썸머 고스트'를 찾는 이유가 있다. 십 대의 끝자락, 어쩌면 가장 특별했을 한여름 밤의 이야기.",2021-11-12,16
156,760104,/A7YPhQKdcr6XB1kCUdS4tHifYWd.jpg,X,X,6.8,"1979년, 젊은 영화 제작자 그룹이 텍사스 시골에서 성인 영화를 만들기 시작했지만 은둔적이고 나이 든 호스트와 엮였을 때 배우들은 곧 삶을 위한 필사적인 싸움에 직면한 자신을 발견한다.",2022-03-17,27
157,848123,/2iKZNSMGMMJMJCPBP2zanLUsdru.jpg,Black Site,블랙 사이트,7,"터키 이스탄불의 병원 폭발 사고로 사랑하는 남편과 딸을 잃은 CIA 소속 분석가 ‘애비(미셸 모나한)’는 폭발 사고의 원인을 밝히기 위해 테러리스트를 수용하고 심문하는 블랙 사이트 ‘시타델’의 책임자가 된다. 자료를 분석하고 범인으로 의심되는 ‘파한’을 심문하던 어느 날, 살상을 일삼아 악명이 높은 ‘해쳇(제이슨 클라크)’이 공범인 것을 밝혀낸다. 결국 체포된 ‘해쳇’은 심문 도중 내부 공모자의 도움으로 시타델에서 탈출하기 위해 요원들을 제거해 나간다. 본부와의 연락도 끊기고 시설은 강제 폐쇄되면서 ‘애비’와 요원들은 고립된다. 미로와 같은 블랙 사이트에서 ‘해쳇’의 얼굴을 모르는 ‘애비’는 아무도 믿을 수 없는 목숨을 건 쫓고 쫓기는 액션이 시작되는데…",2022-05-05,28
158,781099,/iiclsw6zgRJz5D5Cc6sn4Cs9GQo.jpg,Inexorable,멈출 수 없는,5.7,소설가 마르셀 벨메르와 출판사 사장인 그의 아내 잔느의 저택에 가사도우미로 고용된 미스터리한 소녀 글로리아는 대체 어떤 사람일까? 마르셀의 베스트셀러 「멈출 수 없는」은 어떤 비밀을 감추고 있는 걸까? 안그래도 자신의 거짓말에 시달리는 마르셀에게 이젠 지옥같은 악몽이 기다리고 있을 뿐이다. (제26회 부산국제영화제),2022-03-31,53
159,772450,/dgDT3uol3mdvwEg0jt1ble3l9hw.jpg,Presencias,Presencias,7,,2022-09-07,27
160,820232,/3vlBg3kTsHioTy7owIDXFHNXBNk.jpg,鬼滅の刃 兄妹の絆,귀멸의 칼날: 남매의 연,8.2,"혈귀의 습격으로 가족을 잃은 소년 ‘탄지로’. 유일하게 살아남은 여동생 ‘네즈코’마저 혈귀로 변해 버리고 마는데…. ‘탄지로’는 ‘네즈코’를 인간으로 되돌리기 위해- 그리고 가족을 죽인 혈귀를 심판하기 위해- ‘귀살대’의 길을 가기로 결의한다. 혹독한 훈련 끝에 귀살대 대원으로 거듭난 ‘탄지로’는 복수의 칼날을 들고 목숨 건 사투를 시작하는데… 소년이여, 여동생을 구하기 위해 칼날을 들어라! 인간과 혈귀가 엮어낸 애절한 오누이의 이야기가 지금 시작된다-!",2019-03-29,28
161,997120,/taqtPkSWomddTWsGAvJd7hIBAU1.jpg,Sniper: Rogue Mission,스나이퍼: 로그 미션,6.8,"전설적인 저격수이자 CIA 신입 요원인 베켓. 그는 국제 성매매 조직을 해체하기 위해 전에 동맹을 맺었던 국토 안보부 요원 제로, 암살자 레이디 데스와 협력한다.",2022-08-15,28
162,316727,/ubLbY97m8lYJ3Fykh7nfiwB5eth.jpg,The Purge: Election Year,더 퍼지: 심판의 날,6.4,"일 년에 단 한 번, 12시간동안 무법의 광란이 펼쳐지는 ‘퍼지 데이’의 밤으로부터 벗어난 지 2년이 된 레오 반스(프랭크 그릴로). 올해 이 연례 행사는 퍼지 데이 찬반 논란으로 뜨겁게 달궈진 대통령 선거 전날 진행될 예정이다. 상원 위원인 찰리 론(엘리자베스 미첼)의 경호 대장인 레오의 미션은 그녀를 이 논란 속의 경쟁적인 선거에서 지켜내는 것이다. 그러나 배신은 그들을 어떤 도움도 얻을 수 없는 그 밤에 워싱턴 D.C.의 거리로 내몰고, 그들은 살아 남거나 죄를 위해 희생되어야 하는 운명에 처하게 된다.",2016-06-29,28
163,635891,/alReTtKikeYcZodWsw4XOaVsCqL.jpg,Clerks III,점원들 3,6.8,,2022-09-04,35
164,406759,/2xmJCxrt5t2dFhvwvmxZ5Cy577j.jpg,Moonfall,문폴,6.4,"궤도를 이탈한 달이 지구를 향해 떨어지기 시작하면서 지구의 중력과 모든 물리적인 법칙이 붕괴된다. 거대한 해일과 지진, 화산폭발, 쓰나미와 이상기후까지 상상조차 불가능했던 모든 재난으로 전 세계는 공포와 혼란에 빠진다. 달과 충돌까지 남은 시간은 단 30일. NASA 연구원 파울러, 전직 우주 비행사 브라이언, 그리고 우주 덕후 KC는 달을 막을 방법을 찾기 위해 마지막 우주선에 오른다.",2022-02-03,878
165,803114,/i0z8g2VRZP3dhVvvSMilbOZMKqR.jpg,The Requin,더 리퀸,5,,2022-01-28,53
166,347201,/pvYHOrNCdlJR9uiVvxyqAfIeA3a.jpg,BORUTO -NARUTO THE MOVIE-,보루토 - 나루토 더 무비,7.6,거대한 전설을 넘어설 새로운 시대가 시작된다!,2015-08-07,16
167,436969,/1FiLuxuowOusZAG1vvI4TorMuNG.jpg,The Suicide Squad,더 수어사이드 스쿼드,7.6,최고의 사망률을 자랑하는 벨 리브 교도소. 미국 정보국 월러 국장은 태스크 포스 X라는 극비 군사 작전팀을 꾸리기 위해 이곳에 왔다. 그녀는 수감 중인 슈퍼 빌런들을 팀에 합류시키기 위해 사면이나 감형을 조건으로 제시한다. 또한 만약을 대비해 언제라도 이들을 처형할 수 있게 머리에 폭탄도 심어놓는다. 우여곡절 끝에 완성된 팀은 두개로 나뉘어 남미의 작은 섬나라 코르토 몰티즈로 향한다. 이들의 임무는 이 섬에 위치한 요툰하임이라는 비밀 연구실에 잠입해 스타피쉬의 흔적을 없애는 것. 각기 다른 해안가에 도착한 두 팀은 상반된 상황을 맞이한다.,2021-07-28,28
168,138843,/pWpTToZ32bG09PaZ1rvYG5mpOyV.jpg,The Conjuring,컨저링,7.5,"1971년 로드 아일랜드, 해리스빌. 페론 가족은 꿈에 그리던 새 집으로 이사를 간다. 물론 1863년에 그 집에서 일어난 끔찍한 살인 사건을 전혀 몰랐다. 또한 그 이후에 일어난 많은 무서운 사건에 대해서도 알지 못했다. 이 가족은 그 집에서 겪은 일이 너무 무서워서 한 마디라도 외부에 언급하는 것을 거절했었다. 지금까지는…",2013-07-18,27
169,767,/fHfnrfpQXt91XN4XBh9DMDFuYdq.jpg,Harry Potter and the Half-Blood Prince,해리 포터와 혼혈왕자,7.7,"어둠의 세력이 더욱 강력해져 머글 세계와 호그와트까지 위협해온다. 위험한 기운을 감지한 덤블도어 교수는 다가올 전투에 대비하기 위해 해리 포터와 함께 대장정의 길을 나선다. 볼드모트를 물리칠 수 있는 유일한 단서이자 그의 영혼을 나누어 놓은 7개의 호크룩스를 파괴하는 미션을 수행해야만 하는 것! 또한 덤블도어 교수는 호크룩스를 찾는 기억여행에 결정적 도움을 줄 슬러그혼 교수를 호그와트로 초청한다. 한편 학교에서는 계속된 수업과 함께 로맨스의 기운도 무르익는다. 해리는 자신도 모르게 지니에게 점점 끌리게 되고, 새로운 여자 친구가 생긴 론에게 헤르미온느는 묘한 질투심을 느끼는데...",2009-07-07,12
170,508943,/cgQMmwPtSInmIvoQLJhoByBelGA.jpg,Luca,루카,7.9,"이탈리아 리비에라의 해변 마을. 마을 사람들 사이엔 인근에 바다괴물이 산다는 전설이 떠돈다. 실제로 바다에는 루카(제이콥 트렘블레이)를 비롯한 바다괴물 가족들이 산다. 루카의 부모는 루카에게 바다 밖을 경계하라 이르지만, 루카는 기어이 바다 밖 세상으로 향한다. 루카는 육지에선 인간의 모습으로 변하지만 물에 닿으면 바다괴물의 모습으로 돌아간다. 바다괴물 친구이자 육지 생활 선배인 알베르토(잭 딜런 그레이저)는 루카에게 두 다리로 걷는 법부터 자유와 일탈의 짜릿함까지 맛보게 한다. 급기야 인간 마을로 들어간 둘은 줄리아(엠마 버만)와 친구가 돼 함께 수영, 사이클, 파스타 빨리 먹기 3종 대회에 참가하는데...",2021-06-17,16
171,524434,/aNtAP8ZzUMdnCPoqYgVOcgI0Eh4.jpg,Eternals,이터널스,7,"이터널스는 7천년 전 우주선 도모를 타고 지구에 온 순간부터 지구를 사랑한 히어로들이다. 이들의 임무는 기괴한 크리처 데비안츠에게서 인간을 지키는 것. 임무를 부여한 이는 그들을 탄생시킨 천상의 존재 셀레스티얼이다. 이터널스는 시간의 흐름을 느낄 수 없기에, 공간을 기준 삼아 연대기를 구성하는 뱀파이어처럼 세계 곳곳에 흩어져 자신만의 삶을 살아가고 있다. 물질을 변화시키는 세르시는 런던에서 박물관 학자가 됐고, 우주의 기운을 총처럼 쏘는 킹고는 발리우드 배우로 살며, 타인을 조종하는 드루이그는 아마존에 소국을 만들었다. 괴력의 소유자 길가메시는 호주 사막에서 정신 건강이 위험해진 테나를 돌보며 살고 있다. 세르시는 데비안츠의 공세가 심해지자 오랜 연인 이카리스, 소녀처럼 보이는 불멸의 존재 스프라이트와 함께 이터널스를 불러모으기 시작한다.",2021-11-03,878
172,1026822,/gXtXwZLR9f1sAruSET3oJVsdRHe.jpg,Cici,지지,6.1,"슬픈 상실을 겪은 한 가족이 도시로 이주한다. 그리고 30년 후, 고향에서 서로를 다시 만난 그들에겐 묻혀 있던 감정과 아픈 비밀이 다시 떠오른다.",2022-10-27,18
173,1010821,/2X8Bu04YhXDhr8I8DWavQ0MIfLC.jpg,Groot Takes a Bath,그루트의 샤워타임,7,베이비 그루트도 럭셔리한 목욕을 즐길 자격이 있지. 앗 근데 나뭇잎이 왜 이렇게 거침없이 자라나는 거야?,2022-08-10,16
174,4247,/7WgS8qO4KYZxjUQMs0JSFxqcYgn.jpg,Scary Movie,무서운 영화,6.3,"{""나는 네가 지난 할로윈 데이에 소리치는 걸보고 육감적으로 뭔가 특별한 일이 일어날 것이라는 것을 알았다!!""}  팝콘을 튀기던 드류에게 음산한 목소리의 남자에게서 이상한 전화가 걸려온다. ""공포영화를 좋아하냐?""는 괴기한 질문을 던지고, 갑자기 등장해 그녀를 해치려 든다. 달아나는 드류는 속옷바람으로 슈퍼모델인양 멋진 포즈로 취하기도 하지만 결국 집으로 오던 그녀의 아버지의 차에 치어 죽고 만다. 드류가 죽었다는 소식을 전해들은 친구 신디는 드류의 죽음에 어떤 의문이 숨어있을까를 고민하다 문득 지난 할로윈 데이에 있었던 일을 떠올리는데..  흥겨운 할로윈 데이 파티를 마치고 집으로 돌아가던 고등학교 친구들 신디, 바비와 버피, 브렌다, 그렉, 레이 등은 차안에서 정신없이 즐기다 타고 있던 차에 한 사내를 치고 만다. 쓰러진 사내는 죽지 않고 일어나지만, 어이없게도 그 사내는 날아온 콜라병을 맞고 그자리에서 즉사하고 만다. 그 끔직한 사건과 드류의 죽음에 뭔가 연관이 있다고 느낀 신디는 친구들과 자신에게도 곧 위협이 닥칠 것이라고 예감하는데...",2000-07-07,35
175,802699,/rxu2MgncYDe6CGSASAwIaC4SHbR.jpg,とつくにの少女,바깥 나라의 소녀,6.5,"옛날 먼 곳에 두 개의 땅이 있었다. 세계는 내지와 외지로 나뉘었다. 사람들은 저주의 매개체인 '바깥 존재'들이 사는 외지 두려워했다. 어느 날, 인간이 살고 있는 내지의 경계에서, 그런 존재는 버려진 시체 더미 위에서 소녀를 발견한다.소녀는 자신의 이름이 시바라고 말하며 자신을 발견한 존재에게 ""선생님""이라고 부르며 애정을 표현한다. 이 이야기는 낮과 밤을 가르는 흐릿한 황혼 속에 머물러 있는 두 사람의 이야기다.",2022-03-10,16
176,773975,/2mxnDbKCoR1M9e5szzc6Ku3Nfmv.jpg,End of the Road,엔드 오브 더 로드,6.5,최근 남편과 사별한 브렌다는 남겨진 가족들과 자동차 여행길에 오른다. 하지만 살인 사건과 사라진 현금 가방에 얽혀 위험에 빠지는데. 끔찍한 상황 속에서 그녀는 가족을 지키기 위해 사투를 벌인다.,2022-09-09,53
177,759175,/9pCoqX24a6rE981fY1O3PmhiwrB.jpg,The Princess,프린세스,7,"아름답고 강인한 공주는 사악한 정혼자와의 혼약을 거부하고, 성의 외딴 탑에 감금된다. 이에 모욕감을 느낀 정혼자는 공주 아버지의 왕위를 찬탈하려고 하고, 공주는 무슨 일이 있어도 가족과 왕국을 지켜야만 한다.",2022-06-16,14
178,673,/anwNl1xbzXoj5Ax1nVw3WoDzHlw.jpg,Harry Potter and the Prisoner of Azkaban,해리 포터와 아즈카반의 죄수,8,"13세가 된 해리 포터는 또 한번의 여름 방학을 이모 가족인 더즐리 일가와 우울하게 보내야 했다. 물론 마법을 쓰는 건 일체 금지. 하지만, 버논 이모부의 누이인 마지 아줌마가 더즐리 가를 방문하면서 상황은 변한다. 위압적인 마지는 해리에겐 늘 공포의 대상. 마지 아줌마 때문에 스트레스를 받던 해리는 급기야 실수로 그녀를 거대한 괴물 풍선으로 만들어 하늘 높이 띄워 보내버리고 만다. 이모와 이모부에게 벌을 받을 것도 두렵고, 일반 세상에선 마법 사용이 금지돼 있는 것을 어겼기 때문에 호그와트 마법학교와 마법부의 징계가 걱정된 해리는 밤의 어둠 속으로 도망치지만, 순식간에 근사한 보라색 3층 버스에 태워져 한 술집으로 인도되고 마는데...",2004-05-31,12
179,460465,/3dTg1pgasstOa0XJTwt3dBFHjFf.jpg,Mortal Kombat,모탈 컴뱃,7.2,어스렐름와 아웃월드의 최강 챔피언들이 지구의 운명을 걸고 벌이는 서바이벌 대혈전 모탈 컴뱃. MMA 격투 선수 콜 영은 대전을 앞두고 선택 받은 전사들을 사전에 제거하려는 서브제로의 공격을 받는다. 지구와 가족을 보호하고 자기 혈통의 비밀을 알아내기 위해 모탈 컴뱃 토너먼트에 참가해 죽음의 전투를 치러야 한다!,2021-04-07,28
180,808,/hABnmgdAU3u6Nu61b9GUGaOseVl.jpg,Shrek,슈렉,7.7,"성 밖 늪지대에 사는 엄청나게 못생기고 무지무지 큰 괴물 슈렉. 지저분한 진흙으로 샤워를 즐기고 동화책은 화장실 휴지 삼아 쓰는 그는 혼자만의 시간을 즐긴다.  그러던 어느 날, 자신만의 고요한 안식처에 백설공주, 신데렐라, 빗자루를 타고 다니는 마녀, 피리부는 아저씨, 피터팬, 피노키오 등등.. 동화속의 주인공들이 모두 쳐들어온다. 그 중에서도 가장 귀찮은 건 쉴새없이 떠들어대는 당나귀 덩키. 알고보니 얼굴이 몸의 반을 차지하는 1m도 안되는 숏다리 파콰드영주가 동화속의 주인공들을 다 쫓아낸것. 결국 슈렉은 파콰드영주와 담판을 지으러 떠난다.  하지만 일은 이상하게 꼬여 결국 파콰드영주 대신 불뿜는 용의 성에 갇힌 피오나 공주를 구하러 떠나게 되는데..",2001-05-18,16
181,774825,/iKFpQoNiS2q9AZ3dEPv1zfkmHvs.jpg,The Ice Age Adventures of Buck Wild,아이스 에이지: 벅의 대모험,6.7,"모두의 사랑을 받는 선사 시대 포유류들의 유쾌한 모험이 계속된다. 누나 엘리와 따로 떨어진 스릴을 찾는 주머니쥐 형제 크래시와 에디는 그들만의 공간을 찾아 길을 나서지만, 곧 거대한 지하 동굴에 갇히게 되고, 모험을 사랑하는 공룡 사냥꾼 애꾸눈 족제비 벅 와일드의 도움으로 위험에서 벗어난 둘은 벅과 함께 잃어버린 세계에 서식하는 난폭한 공룡들과 마주한다.",2022-01-28,16
182,576925,/5VyE5mg3RTijif9HRB39eeYpW0i.jpg,Бука. Моё любимое чудище,Бука. Моё любимое чудище,6.3,,2022-01-27,16
183,723419,/aQfBiMZILLIIndT0MA9e7N6ywKS.jpg,Mr. Harrigan's Phone,해리건 씨의 전화기,6.7,"한 소년과 노령의 억만장자가 책을 통해, 그다음엔 첫 아이폰을 통해 우정을 쌓는다. 그런데 노신사가 세상을 떠난 후에도 둘 사이를 잇는 미스터리한 끈은 끊어지지 않는다.",2022-10-05,18
184,725201,/3weHvdbJ9RiSNHS0cz5694fkAnk.jpg,The Gray Man,그레이 맨,7,그 누구도 실체를 몰라 그레이 맨으로 불리는 CIA의 암살 전문 요원이우연히 CIA의 어두운 비밀을 발견한다. 이런 그의 목에 현상금을 건 소시오패스 기질의 전직 요원. 세계 곳곳을 배경으로 두 사람의 쫓고 쫓기는 추격전이 펼쳐진다.,2022-07-13,28
185,157336,/zDNAeWU0PxKolEX1D8Vn1qWhGjH.jpg,Interstellar,인터스텔라,8.4,"세계 각국의 정부와 경제가 완전히 붕괴된 미래가 다가온다. 지난 20세기에 범한 잘못이 전 세계적인 식량 부족을 불러왔고, NASA도 해체되었다. 나사 소속 우주비행사였던 쿠퍼는 지구에 몰아친 식량난으로 옥수수나 키우며 살고 있다. 거센 황사가 몰아친 어느 날 알 수 없는 힘에 이끌려 딸과 함께 도착한 곳은 인류가 이주할 행성을 찾는 나사의 비밀본부. 이 때 시공간에 불가사의한 틈이 열리고, 이 곳을 탐험해 인류를 구해야 하는 임무를 위해 쿠퍼는 만류하는 딸을 뒤로한 채 우주선에 탑승하는데...",2014-11-05,12
186,945675,/9Adt7lE79voOqRzYhe4mNnHqUoo.jpg,一周的朋友,一周的朋友,6.7,,2022-06-18,18
187,675,/LcI8YBTxxsVVfxyJPkTM4nsFS6.jpg,Harry Potter and the Order of the Phoenix,해리 포터와 불사조 기사단,7.7,"길고도 지루한 여름 날 호그와트 마법학교 다섯 번째 해를 기다리고 있는 해리포터. 이모부 더즐리 식구들과 참고 사는 것도 지겨운데다 친구 론과 헤르미온느에게서는 편지 한 통 오지 않는다. 그러던 중 예상치 못했던 편지 한 장이 도착한다. 그것은 해리가 학교 밖인 리틀 위닝에서 얄미운 사촌 두들리, 즉 머글 앞에서 디멘터들의 공격을 막는 마법을 사용했기 때문에 호그와트 마법학교에서 퇴학 당하게 되었다는 소식이었다. 앞이 캄캄한 해리. 갑자기 어둠의 마법사 오러들이 나타나 해리를 불사조 기사단의 비밀 장소로 데리고 가는데...",2007-06-28,12
188,761898,/66Vx0C2cVL0mym0tfKgF4gmcuhA.jpg,劇場版 ソ?ドア?ト?オンライン-プログレッシブ- 星なき夜のアリア,소드 아트 온라인 -프로그레시브- 별 없는 밤의 아리아,8.2,"그날, '너브기어' 를 우연히 머리에 쓴 '유우키 아스나' 는  원래 인터넷 게임과는 무관하게 살고 있는 중학교 3학년 소녀였다.  게임 마스터는 통보했다.  '이건 게임이지만 놀이가 아니다'  게임 속에서의 죽음은, 그대로 현실에서의 죽음으로 이어진다.  그 말을 듣게 된 모든 플레이어들이 혼란에 빠지고, 게임 속은 아비규환의 도가니가 되었다.  그중 한 사람이었던 아스나였지만,  그녀는 세계의 룰조차 모른 채 정상이 보이지 않는 강철의 부유성 '아인그라드' 공략에 나선다.  죽음과 맞닿아 있는 세계에서 살아나가던 와중에  아스나에게 찾아온 '만남'. 그리고 '이별'.  '눈앞의 현실'에 휘둘리면서도 꿋꿋이 싸우는 그녀 앞에 나타난 건,  고독한 검사 키리토였다....",2021-10-30,16
189,962232,/jv8PbopI3r3p0HrQJbLYcOzFHle.jpg,Depois do Universo,비욘드 유니버스,7.9,신장 이식을 기다리고 있는 젊은 피아니스트. 한 의사와 예상치 못한 교감을 나누며 음악적 꿈을 이룰 수 있는 용기를 얻게 된다.,2022-10-27,10749
190,1023086,/fJQr6E6tUwihQuQgTSDUkKsrVZA.jpg,Devil's Workshop,Devil's Workshop,6.2,,2022-09-30,27
191,830784,/dN6XnCEP3AO7N4XFOFyZ8V8kZF5.jpg,"Lyle, Lyle, Crocodile","라일, 라일, 크로커다일",7.2,뉴욕에 사는 악어에 관한 어린이 책을 바탕으로 한 장편 영화.,2022-10-07,35
192,1033107,/rITxQBtnMpneZf8QzH1dqONQocx.jpg,Wild Is the Wind,와일드 이즈 더 윈드,5.8,"젊은 여성이 잔인하게 살해된 채 발견되면서 부패 경찰 두 명이 사건 수사에 착수한다. 그와 함께, 인종차별이 만연한 소도시에서는 사람들의 갈등이 극에 달하는데.",2022-10-28,80
193,303857,/e6kmwINMGyPNxuoZyjIlhiXyYGH.jpg,ドラゴンボ?ルZ 復活の「F」,드래곤볼 Z - 부활의 'F',6.8,"파괴의 신 비루스와의 대결이 끝나고, 평화를 찾은 지구에 프리저군의 생존자들이 프리저를 부활시키기 위해 몰래 잠입, 드래곤볼 7개를 모두 모으는데 성공한다. 이를 이용해 부활한 프리저는 손오공을 비롯한 사이어인에 대한 복수를 위해 수 많은 병사를 이끌고 지구를 침략하고, 손오반과 피콜로, 크리링 등은 이에 맞서 싸우지만 더욱 강해진 프리저의 파워 앞에 속수무책으로 당하고 만다. 한편, 비루스의 별에서 수련중이던 손오공과 베지터는 뒤늦게 프리저의 부활 소식을 듣게되는데…  끝없이 강해지고 싶은 손오공과 지옥에서 부활한 프리저!  다시 한번 최악의 위기에 직면한 지구의 운명은 과연?!",2015-04-18,28
194,12445,/ehUeFvQeo8Vr2aDIKLsLbC8okcw.jpg,Harry Potter and the Deathly Hallows: Part 2,해리 포터와 죽음의 성물 2,8.1,덤블도어 교장이 남긴 죽음의 성물의 단서를 쫓던 해리 포터는 볼드모트가 그토록 찾아 다닌 절대적인 힘을 가진 지팡이의 비밀을 통해 드디어 마지막 퍼즐을 완성한다. 볼드모트의 영혼이 담긴 다섯 번째 호크룩스를 찾기 위해 마법학교 호그와트로 돌아온 해리와 친구들은 그들을 잡으려는 보안마법에 걸려 위기를 맞지만 덤블도어의 동생인 에버포스의 도움으로 벗어난다. 그리고 그에게서 덤블도어와 어둠의 마법사 그린델왈드에 관한 놀라운 과거에 대해 알게 된다. 한편 볼드모트는 해리에 의해 호크룩스들이 파괴되었음을 느끼고 호그와트로 향한다. 해리를 주축으로 한 불사조 기사단과 죽음을 먹는 자들 간의 전투가 벌어지며 호그와트는 거대한 전쟁터로 변하게 되는데...,2011-07-07,14
195,628900,/fZid9LbFTZV7NjM0qMwL1mPjhqu.jpg,The Contractor,더 컨트랙터,6.5,"특수부대 중사 출신 ‘제임스 하퍼’는 전역을 명 받고 법의 테두리 밖에서 국가에 충성하는 극비 조직에 합류한다. 그에게 주어진 첫번째 미션은, 전세계를 혼란에 빠뜨릴 바이러스 테러를 막는 것. 그러나, 미션 수행 도중 거대한 음모에 휘말리게 되고 충격과 위기를 겪게 되는데… 더 이상 물러설 곳은 없다.  모든 것을 건, 새로운 미션이 시작된다!",2022-03-10,28
196,588228,/34nDCQZwaEvsy4CFO5hkGRFDCVU.jpg,The Tomorrow War,투모로우 워,7.9,현재로 긴급 메시지를 전하기 위해 2051년에서 온 한 무리의 시간 여행자들이 도착한다. 메세지의 내용은 30년 동안 미래 인류가 치명적인 외계 종족과 세계 전쟁에서 지고 있다는 것. 인류가 생존할 수 있는 유일한 희망은 현재 세계의 군인과 민간인들이 미래로 보내서 전쟁에 참여하는 것이다. 어린 딸을 위해 세상을 구하기로 결심한 댄 포레스터는 지구의 운명을 다시 쓰기 위해 뛰어난 과학자와 사이가 멀어진 아버지와 함께 팀을 이룬다.,2021-07-02,28
197,632727,/xVT66OFGCoHXWEzmapPNS1rFX0J.jpg,Texas Chainsaw Massacre,텍사스 전기톱 학살 2022,5.3,텍사스의 한 유령 도시. 이곳에 생기를 불어넣겠다는 꿈을 안고 도착한 인플루언서들. 이들이 악명 높은 살인마 '살가죽 가면'과 마주친다. 《텍사스 전기톱 학살》의 속편.,2022-02-18,27
198,20982,/vaEX9f8ud7iF0G7EoyGxAyRNV1p.jpg,劇場版 NARUTO -ナルト- 疾風?,나루토 질풍전 극장판 1기 - 나루토의 죽음,7.2,미래 예언과 마귀 봉인 능력을 지닌 원령나라의 무녀가 부활한 마귀의 표적으로 지목되자 나루토와 친구들은 무녀를 지키기 위해 길을 떠난다. 그러나 원령나라에 도착한 일행에게 무녀는 나루토의 죽음을 예언하고 이에 모두들 충격에 휩싸이는데...,2007-08-04,16
199,829557,/7qU0SOVcQ8BTJLodcAlulUAG16C.jpg,365 Days: This Day,365일: 오늘,5.9,"재결합하여 그 어느 때보다도 열렬한 관계를 이어가는 라우라와 마시모. 하지만 마시모의 가족 관계, 그리고 라우라의 마음을 얻으려는 수수께끼의 남자로 인해 삶이 복잡해진다.",2022-04-27,10749
200,11932,/mAGviFp1ufYM3EaZBSrjPiKPBt6.jpg,Bride of Chucky,사탄의 인형 4: 처키의 신부,6,"살인마 레이의 영혼이 들려 살인을 일삼다 경찰에게 희생돼 경찰의 증거품 보관실에 폐기돼 있던 처키가 레이의 애인인 티파니에 의해 세상 밖으로 나온다. 티파니가 원하는 건 처키, 즉 레이의 영혼과의 결혼. 하지만 주술 행위를 통해 깨어난 처키는 인형 안에 갇혀 있는 걸로 만족하지 않고 인간의 몸을 빌어 환생하고 싶어한다. 결국, 자신의 뜻을 막는 티파니를 죽이고 티파니도 자기처럼 인형 속에 넣어 버린 처키. 그후 처키는 티파니를 설득해 인간의 몸을 가질 수 있게 돕는 부적이 묻힌 레이의 묘로 떠나는 여행을 시작한다.",1998-10-16,35
